order_date;sku;client_id;order_quantity;order_units
2019-10-27;LV2;C3;1714000,0;857,0
2019-10-27;LV2;C4;1730000,0;865,0
2019-10-27;LV2;C18;1732000,0;866,0
2019-10-27;LV2;C18;1760000,0;880,0
2019-10-27;LV2;C18;1748000,0;874,0
2019-10-27;HV4;C13;62160,0;777,0
2019-10-27;MV1;C12;146000,0;584,0
2019-10-27;HV4;C11;62720,0;784,0
2019-10-27;LV1;C8;1057200,0;881,0
2019-10-27;MV2;C15;281400,0;938,0
2019-10-27;HV4;C17;62560,0;782,0
2019-10-27;MV2;C11;286200,0;954,0
2019-10-27;MV2;C7;279000,0;930,0
2019-10-27;MV2;C14;279900,0;933,0
2019-10-27;MV2;C17;285900,0;953,0
2019-10-27;MV2;C12;279300,0;931,0
2019-10-27;HV2;C5;13700,0;548,0
2019-10-27;MV2;C13;279000,0;930,0
2019-10-27;LV1;C6;1070400,0;892,0
2019-10-27;HV2;C10;13850,0;554,0
2019-10-27;LV3;C15;709900,0;458,0
2019-10-27;MV2;C8;279600,0;932,0
2019-10-27;LV1;C7;1063200,0;886,0
2019-10-27;LV1;C7;1075200,0;896,0
2019-10-27;MV2;C12;284400,0;948,0
2019-10-27;LV1;C9;1058400,0;882,0
2019-11-03;MV4;C12;323000,0;646,0
2019-11-03;MV1;C10;150750,0;603,0
2019-11-03;HV5;C11;39300,0;786,0
2019-11-03;MV1;C9;148500,0;594,0
2019-11-03;MV1;C9;148500,0;594,0
2019-11-03;MV1;C14;147000,0;588,0
2019-11-03;MV1;C17;151250,0;605,0
2019-11-03;MV1;C9;151000,0;604,0
2019-11-03;LV1;C10;1075200,0;896,0
2019-11-03;MV1;C7;151000,0;604,0
2019-11-03;MV1;C10;149250,0;597,0
2019-11-03;HV5;C16;39300,0;786,0
2019-11-03;HV5;C13;39400,0;788,0
2019-11-03;HV5;C9;38750,0;775,0
2019-11-03;HV5;C12;39300,0;786,0
2019-11-03;HV5;C12;38250,0;765,0
2019-11-03;HV5;C14;38950,0;779,0
2019-11-03;MV1;C16;150250,0;601,0
2019-11-03;MV1;C12;150500,0;602,0
2019-11-03;MV2;C5;280800,0;936,0
2019-11-03;HV3;C15;41160,0;686,0
2019-11-03;LV3;C6;714550,0;461,0
2019-11-03;LV3;C18;700600,0;452,0
2019-11-03;LV3;C8;694400,0;448,0
2019-11-03;LV3;C13;703700,0;454,0
2019-11-03;LV3;C2;683550,0;441,0
2019-11-03;LV3;C18;714550,0;461,0
2019-11-03;LV3;C7;717650,0;463,0
2019-11-03;LV3;C5;702150,0;453,0
2019-11-03;LV3;C9;700600,0;452,0
2019-11-03;LV3;C4;685100,0;442,0
2019-11-03;LV3;C1;695950,0;449,0
2019-11-03;MV4;C1;323000,0;646,0
2019-11-03;MV4;C3;321500,0;643,0
2019-11-03;MV4;C16;320000,0;640,0
2019-11-03;MV4;C15;322500,0;645,0
2019-11-03;MV4;C5;322500,0;645,0
2019-11-03;HV3;C11;40560,0;676,0
2019-11-03;HV2;C6;13450,0;538,0
2019-11-03;LV3;C4;682000,0;440,0
2019-11-03;HV2;C7;13775,0;551,0
2019-11-03;MV2;C15;282900,0;943,0
2019-11-03;MV2;C2;278400,0;928,0
2019-11-03;HV4;C10;63360,0;792,0
2019-11-03;HV4;C8;63200,0;790,0
2019-11-03;HV4;C2;64000,0;800,0
2019-11-03;HV4;C16;62960,0;787,0
2019-11-03;HV4;C15;63920,0;799,0
2019-11-03;HV4;C9;63200,0;790,0
2019-11-03;HV4;C10;64000,0;800,0
2019-11-03;HV4;C6;62240,0;778,0
2019-11-03;MV2;C13;285600,0;952,0
2019-11-03;HV4;C11;63120,0;789,0
2019-11-03;HV4;C17;63520,0;794,0
2019-11-03;MV2;C10;281700,0;939,0
2019-11-03;MV2;C5;285600,0;952,0
2019-11-03;MV2;C15;278400,0;928,0
2019-11-03;MV2;C7;279900,0;933,0
2019-11-03;MV2;C15;279600,0;932,0
2019-11-03;MV2;C13;284700,0;949,0
2019-11-03;MV2;C16;283800,0;946,0
2019-11-03;HV4;C4;63840,0;798,0
2019-11-03;HV2;C12;13400,0;536,0
2019-11-03;MV1;C2;151250,0;605,0
2019-11-03;HV2;C17;13700,0;548,0
2019-11-03;LV2;C3;1732000,0;866,0
2019-11-03;LV2;C6;1730000,0;865,0
2019-11-03;LV2;C6;1748000,0;874,0
2019-11-03;MV3;C16;228300,0;761,0
2019-11-03;MV3;C3;229200,0;764,0
2019-11-03;MV1;C6;151750,0;607,0
2019-11-03;LV2;C11;1722000,0;861,0
2019-11-03;HV1;C17;21400,0;856,0
2019-11-03;HV2;C17;13475,0;539,0
2019-11-03;HV1;C8;21250,0;850,0
2019-11-03;HV1;C10;21275,0;851,0
2019-11-03;HV1;C8;21275,0;851,0
2019-11-03;HV1;C6;21300,0;852,0
2019-11-03;HV1;C2;21400,0;856,0
2019-11-03;HV1;C11;21225,0;849,0
2019-11-03;HV1;C4;21325,0;853,0
2019-11-03;MV3;C10;228600,0;762,0
2019-11-03;MV3;C5;228300,0;761,0
2019-11-03;HV2;C17;13850,0;554,0
2019-11-03;HV3;C13;40500,0;675,0
2019-11-03;HV3;C3;40800,0;680,0
2019-11-03;HV5;C12;38150,0;763,0
2019-11-03;HV2;C10;13850,0;554,0
2019-11-03;HV5;C1;38250,0;765,0
2019-11-03;MV3;C7;225300,0;751,0
2019-11-03;HV2;C14;13800,0;552,0
2019-11-03;HV2;C13;13675,0;547,0
2019-11-03;HV2;C10;13675,0;547,0
2019-11-03;HV5;C11;39300,0;786,0
2019-11-03;HV5;C2;39600,0;792,0
2019-11-03;HV5;C18;39250,0;785,0
2019-11-03;MV2;C18;286500,0;955,0
2019-11-03;HV2;C13;13600,0;544,0
2019-11-03;HV1;C16;21225,0;849,0
2019-11-10;MV1;C17;147000,0;588,0
2019-11-10;MV1;C11;148750,0;595,0
2019-11-10;LV2;C13;1720000,0;860,0
2019-11-10;LV2;C11;1736000,0;868,0
2019-11-10;LV2;C14;1760000,0;880,0
2019-11-10;LV2;C9;1720000,0;860,0
2019-11-10;LV2;C11;1768000,0;884,0
2019-11-10;LV2;C4;1762000,0;881,0
2019-11-10;LV2;C15;1726000,0;863,0
2019-11-10;MV1;C14;148250,0;593,0
2019-11-10;LV2;C14;1752000,0;876,0
2019-11-10;LV2;C3;1738000,0;869,0
2019-11-10;LV2;C14;1730000,0;865,0
2019-11-10;MV1;C12;147250,0;589,0
2019-11-10;MV1;C6;150000,0;600,0
2019-11-10;MV1;C4;146750,0;587,0
2019-11-10;MV1;C9;150250,0;601,0
2019-11-10;MV1;C16;150250,0;601,0
2019-11-10;MV1;C5;152500,0;610,0
2019-11-10;MV1;C7;150750,0;603,0
2019-11-10;LV2;C15;1740000,0;870,0
2019-11-10;HV5;C16;39100,0;782,0
2019-11-10;HV4;C6;64000,0;800,0
2019-11-10;HV4;C2;63680,0;796,0
2019-11-10;LV3;C7;709900,0;458,0
2019-11-10;MV4;C6;321000,0;642,0
2019-11-10;MV4;C6;327000,0;654,0
2019-11-10;MV4;C18;324500,0;649,0
2019-11-10;MV4;C5;326000,0;652,0
2019-11-10;MV4;C3;330000,0;660,0
2019-11-10;HV4;C13;62640,0;783,0
2019-11-10;HV2;C3;13350,0;534,0
2019-11-10;HV5;C1;38300,0;766,0
2019-11-10;HV2;C5;13400,0;536,0
2019-11-10;HV2;C7;13325,0;533,0
2019-11-10;HV2;C12;13525,0;541,0
2019-11-10;HV2;C10;13725,0;549,0
2019-11-10;HV2;C2;13750,0;550,0
2019-11-10;MV3;C6;230700,0;769,0
2019-11-10;MV3;C11;225600,0;752,0
2019-11-10;HV1;C18;21350,0;854,0
2019-11-10;HV1;C17;21425,0;857,0
2019-11-10;HV1;C11;21275,0;851,0
2019-11-10;HV1;C8;21275,0;851,0
2019-11-10;HV4;C15;63120,0;789,0
2019-11-10;HV4;C6;62800,0;785,0
2019-11-10;HV1;C14;21250,0;850,0
2019-11-10;MV4;C9;328000,0;656,0
2019-11-10;MV4;C7;327500,0;655,0
2019-11-10;LV1;C14;1054800,0;879,0
2019-11-10;LV1;C9;1065600,0;888,0
2019-11-10;LV1;C16;1054800,0;879,0
2019-11-10;MV4;C17;323500,0;647,0
2019-11-10;MV4;C18;323500,0;647,0
2019-11-10;LV1;C5;1062000,0;885,0
2019-11-10;HV4;C15;63840,0;798,0
2019-11-10;HV4;C4;63600,0;795,0
2019-11-10;HV4;C11;64160,0;802,0
2019-11-10;HV4;C15;63280,0;791,0
2019-11-10;MV4;C5;323500,0;647,0
2019-11-17;LV2;C14;1740000,0;870,0
2019-11-17;LV2;C9;1758000,0;879,0
2019-11-17;MV2;C13;280800,0;936,0
2019-11-17;LV2;C7;1750000,0;875,0
2019-11-17;MV2;C3;283200,0;944,0
2019-11-17;MV2;C3;283500,0;945,0
2019-11-17;HV1;C6;21325,0;853,0
2019-11-17;HV1;C8;21300,0;852,0
2019-11-17;HV1;C14;21450,0;858,0
2019-11-17;HV1;C13;21325,0;853,0
2019-11-17;LV2;C15;1724000,0;862,0
2019-11-17;HV1;C1;21275,0;851,0
2019-11-17;MV2;C3;278700,0;929,0
2019-11-17;MV2;C8;283500,0;945,0
2019-11-17;MV2;C3;287100,0;957,0
2019-11-17;MV2;C9;286500,0;955,0
2019-11-17;HV1;C10;21250,0;850,0
2019-11-17;LV2;C1;1726000,0;863,0
2019-11-17;LV2;C11;1744000,0;872,0
2019-11-17;LV2;C8;1736000,0;868,0
2019-11-17;MV2;C5;280500,0;935,0
2019-11-17;LV3;C12;689750,0;445,0
2019-11-17;MV2;C6;286800,0;956,0
2019-11-17;LV3;C9;694400,0;448,0
2019-11-17;LV3;C12;686650,0;443,0
2019-11-17;HV2;C17;13450,0;538,0
2019-11-17;HV2;C7;13650,0;546,0
2019-11-17;MV2;C10;279600,0;932,0
2019-11-17;HV2;C16;13600,0;544,0
2019-11-17;HV2;C5;13300,0;532,0
2019-11-17;HV2;C18;13600,0;544,0
2019-11-17;HV2;C8;13300,0;532,0
2019-11-17;HV2;C18;13750,0;550,0
2019-11-17;HV2;C3;13750,0;550,0
2019-11-17;HV2;C16;13725,0;549,0
2019-11-17;HV2;C3;13650,0;546,0
2019-11-17;MV2;C8;283500,0;945,0
2019-11-17;LV2;C6;1730000,0;865,0
2019-11-17;LV2;C18;1726000,0;863,0
2019-11-17;LV2;C8;1740000,0;870,0
2019-11-17;LV2;C9;1728000,0;864,0
2019-11-17;MV2;C8;284400,0;948,0
2019-11-17;HV2;C2;13750,0;550,0
2019-11-17;LV1;C7;1065600,0;888,0
2019-11-17;HV5;C6;38300,0;766,0
2019-11-17;LV1;C10;1071600,0;893,0
2019-11-17;HV3;C7;40800,0;680,0
2019-11-17;LV1;C4;1054800,0;879,0
2019-11-17;MV1;C13;151500,0;606,0
2019-11-17;MV1;C14;148750,0;595,0
2019-11-17;MV1;C16;148000,0;592,0
2019-11-17;MV1;C18;151000,0;604,0
2019-11-17;MV1;C15;150750,0;603,0
2019-11-17;LV1;C7;1069200,0;891,0
2019-11-17;MV1;C7;152750,0;611,0
2019-11-17;MV4;C5;322000,0;644,0
2019-11-17;MV4;C11;328500,0;657,0
2019-11-17;MV4;C11;324000,0;648,0
2019-11-17;HV4;C13;62800,0;785,0
2019-11-17;HV4;C4;63600,0;795,0
2019-11-17;HV4;C17;64080,0;801,0
2019-11-17;MV4;C15;323500,0;647,0
2019-11-17;MV4;C1;330000,0;660,0
2019-11-17;MV1;C9;148250,0;593,0
2019-11-17;LV1;C10;1057200,0;881,0
2019-11-17;LV1;C10;1075200,0;896,0
2019-11-17;MV3;C16;226800,0;756,0
2019-11-17;LV1;C11;1053600,0;878,0
2019-11-17;MV3;C14;229500,0;765,0
2019-11-17;MV3;C15;227400,0;758,0
2019-11-17;MV3;C7;229500,0;765,0
2019-11-17;MV3;C3;228300,0;761,0
2019-11-17;MV3;C2;227400,0;758,0
2019-11-17;LV1;C17;1074000,0;895,0
2019-11-17;MV3;C7;229500,0;765,0
2019-11-17;MV3;C18;228000,0;760,0
2019-11-17;MV3;C13;227700,0;759,0
2019-11-17;HV5;C16;39000,0;780,0
2019-11-17;HV5;C3;38800,0;776,0
2019-11-17;HV5;C2;38900,0;778,0
2019-11-17;HV5;C12;39050,0;781,0
2019-11-17;HV5;C11;39250,0;785,0
2019-11-17;HV5;C14;38300,0;766,0
2019-11-17;LV1;C9;1074000,0;895,0
2019-11-17;HV5;C12;38250,0;765,0
2019-11-17;HV5;C14;39700,0;794,0
2019-11-24;HV5;C2;38900,0;778,0
2019-11-24;HV5;C5;39100,0;782,0
2019-11-24;HV5;C5;38450,0;769,0
2019-11-24;HV5;C12;38650,0;773,0
2019-11-24;HV5;C12;38500,0;770,0
2019-11-24;LV1;C11;1057200,0;881,0
2019-11-24;LV1;C4;1069200,0;891,0
2019-11-24;LV1;C3;1062000,0;885,0
2019-11-24;HV3;C1;40740,0;679,0
2019-11-24;HV3;C15;40200,0;670,0
2019-11-24;HV3;C4;41160,0;686,0
2019-11-24;HV3;C14;41160,0;686,0
2019-11-24;HV3;C7;40500,0;675,0
2019-11-24;HV5;C12;39000,0;780,0
2019-11-24;HV3;C15;41220,0;687,0
2019-11-24;HV5;C8;39700,0;794,0
2019-11-24;HV2;C16;13325,0;533,0
2019-11-24;HV2;C10;13350,0;534,0
2019-11-24;HV2;C9;13425,0;537,0
2019-11-24;HV2;C1;13325,0;533,0
2019-11-24;HV2;C5;13400,0;536,0
2019-11-24;HV5;C13;38500,0;770,0
2019-11-24;HV5;C1;38700,0;774,0
2019-11-24;HV3;C13;40260,0;671,0
2019-11-24;HV3;C2;40440,0;674,0
2019-11-24;MV1;C3;148500,0;594,0
2019-11-24;MV1;C13;151500,0;606,0
2019-11-24;LV3;C12;689750,0;445,0
2019-11-24;MV3;C3;226800,0;756,0
2019-11-24;LV3;C10;716100,0;462,0
2019-11-24;LV3;C16;694400,0;448,0
2019-11-24;MV4;C16;329000,0;658,0
2019-11-24;MV4;C17;323000,0;646,0
2019-11-24;MV4;C6;324000,0;648,0
2019-11-24;MV4;C3;324000,0;648,0
2019-11-24;MV4;C6;326000,0;652,0
2019-11-24;LV2;C10;1746000,0;873,0
2019-11-24;LV2;C14;1754000,0;877,0
2019-11-24;LV2;C6;1722000,0;861,0
2019-11-24;LV2;C17;1738000,0;869,0
2019-11-24;LV3;C1;720750,0;465,0
2019-11-24;LV2;C8;1762000,0;881,0
2019-11-24;HV1;C9;21400,0;856,0
2019-11-24;MV4;C4;330500,0;661,0
2019-11-24;MV1;C13;151500,0;606,0
2019-11-24;MV1;C6;147250,0;589,0
2019-11-24;MV1;C4;148750,0;595,0
2019-11-24;MV1;C2;149500,0;598,0
2019-11-24;MV1;C12;152000,0;608,0
2019-11-24;MV1;C8;148250,0;593,0
2019-11-24;MV1;C13;152250,0;609,0
2019-11-24;LV3;C2;711450,0;459,0
2019-11-24;MV3;C12;228600,0;762,0
2019-11-24;MV3;C15;227100,0;757,0
2019-11-24;MV3;C18;230400,0;768,0
2019-11-24;MV4;C5;330500,0;661,0
2019-11-24;LV3;C11;700600,0;452,0
2019-11-24;LV3;C9;688200,0;444,0
2019-11-24;LV3;C16;722300,0;466,0
2019-11-24;MV4;C1;329500,0;659,0
2019-11-24;MV4;C9;322000,0;644,0
2019-11-24;MV4;C4;329000,0;658,0
2019-11-24;LV3;C9;716100,0;462,0
2019-11-24;HV4;C7;63200,0;790,0
2019-11-24;HV4;C4;64000,0;800,0
2019-11-24;HV4;C3;62480,0;781,0
2019-11-24;HV4;C3;63680,0;796,0
2019-11-24;HV4;C4;63120,0;789,0
2019-11-24;MV3;C1;226200,0;754,0
2019-11-24;HV4;C6;63040,0;788,0
2019-11-24;MV4;C15;328000,0;656,0
2019-11-24;MV4;C10;323000,0;646,0
2019-11-24;HV4;C17;63280,0;791,0
2019-12-01;HV3;C14;40860,0;681,0
2019-12-01;MV3;C14;230700,0;769,0
2019-12-01;MV3;C6;227400,0;758,0
2019-12-01;HV5;C10;38550,0;771,0
2019-12-01;HV5;C12;38950,0;779,0
2019-12-01;HV5;C12;39150,0;783,0
2019-12-01;MV2;C11;284400,0;948,0
2019-12-01;MV2;C18;280500,0;935,0
2019-12-01;MV2;C8;283500,0;945,0
2019-12-01;MV2;C2;283200,0;944,0
2019-12-01;MV3;C8;231900,0;773,0
2019-12-01;MV2;C1;280800,0;936,0
2019-12-01;MV2;C12;281100,0;937,0
2019-12-01;LV3;C3;720750,0;465,0
2019-12-01;LV1;C10;1059600,0;883,0
2019-12-01;HV3;C9;41100,0;685,0
2019-12-01;LV1;C15;1066800,0;889,0
2019-12-01;LV1;C1;1071600,0;893,0
2019-12-01;MV2;C10;288000,0;960,0
2019-12-01;HV3;C6;40920,0;682,0
2019-12-01;HV3;C5;40500,0;675,0
2019-12-01;HV3;C7;40080,0;668,0
2019-12-01;HV3;C6;40860,0;681,0
2019-12-01;MV2;C15;280500,0;935,0
2019-12-01;LV1;C16;1068000,0;890,0
2019-12-01;MV4;C7;328000,0;656,0
2019-12-01;MV4;C3;330000,0;660,0
2019-12-01;HV2;C6;13325,0;533,0
2019-12-01;HV2;C4;13500,0;540,0
2019-12-01;HV2;C2;13475,0;539,0
2019-12-01;HV2;C11;13500,0;540,0
2019-12-01;HV2;C5;13650,0;546,0
2019-12-01;HV2;C8;13500,0;540,0
2019-12-01;HV2;C8;13325,0;533,0
2019-12-01;HV2;C16;13400,0;536,0
2019-12-01;LV3;C6;702150,0;453,0
2019-12-01;HV5;C8;38550,0;771,0
2019-12-01;HV5;C9;39600,0;792,0
2019-12-01;HV5;C2;39100,0;782,0
2019-12-01;HV5;C2;39450,0;789,0
2019-12-01;HV5;C7;39100,0;782,0
2019-12-01;HV5;C3;39350,0;787,0
2019-12-01;HV5;C2;39800,0;796,0
2019-12-01;LV3;C7;720750,0;465,0
2019-12-01;HV2;C3;13350,0;534,0
2019-12-01;HV2;C10;13275,0;531,0
2019-12-01;HV2;C7;13650,0;546,0
2019-12-01;HV2;C4;13450,0;538,0
2019-12-01;HV5;C13;38850,0;777,0
2019-12-01;MV4;C11;329500,0;659,0
2019-12-01;HV1;C12;21325,0;853,0
2019-12-01;HV1;C16;21475,0;859,0
2019-12-01;HV1;C2;21450,0;858,0
2019-12-01;HV1;C6;21500,0;860,0
2019-12-01;HV1;C11;21375,0;855,0
2019-12-01;HV1;C14;21375,0;855,0
2019-12-01;MV4;C10;324000,0;648,0
2019-12-01;HV1;C2;21475,0;859,0
2019-12-01;HV1;C6;21275,0;851,0
2019-12-01;HV1;C12;21425,0;857,0
2019-12-01;HV1;C13;21375,0;855,0
2019-12-01;LV3;C13;713000,0;460,0
2019-12-01;LV3;C2;716100,0;462,0
2019-12-01;LV3;C12;699050,0;451,0
2019-12-01;LV3;C8;716100,0;462,0
2019-12-01;LV3;C7;699050,0;451,0
2019-12-01;HV1;C17;21375,0;855,0
2019-12-01;HV5;C13;39600,0;792,0
2019-12-01;LV3;C1;688200,0;444,0
2019-12-01;LV2;C13;1732000,0;866,0
2019-12-01;MV2;C7;282000,0;940,0
2019-12-01;MV1;C17;148750,0;595,0
2019-12-01;MV1;C13;149500,0;598,0
2019-12-01;MV1;C9;151000,0;604,0
2019-12-01;MV1;C15;151000,0;604,0
2019-12-01;MV2;C14;288000,0;960,0
2019-12-01;MV2;C11;282300,0;941,0
2019-12-01;LV2;C4;1774000,0;887,0
2019-12-01;MV1;C10;150750,0;603,0
2019-12-01;HV4;C13;63360,0;792,0
2019-12-01;HV4;C10;63760,0;797,0
2019-12-08;MV4;C5;331000,0;662,0
2019-12-08;HV5;C12;39550,0;791,0
2019-12-08;MV4;C7;331500,0;663,0
2019-12-08;MV1;C9;148250,0;593,0
2019-12-08;MV4;C3;328500,0;657,0
2019-12-08;MV4;C10;327500,0;655,0
2019-12-08;MV4;C18;329000,0;658,0
2019-12-08;MV1;C5;148000,0;592,0
2019-12-08;MV1;C14;151500,0;606,0
2019-12-08;MV1;C9;148500,0;594,0
2019-12-08;MV4;C11;330000,0;660,0
2019-12-08;MV3;C8;229800,0;766,0
2019-12-08;MV3;C2;228000,0;760,0
2019-12-08;MV3;C2;230400,0;768,0
2019-12-08;MV3;C2;226500,0;755,0
2019-12-08;MV3;C3;229500,0;765,0
2019-12-08;MV3;C9;226500,0;755,0
2019-12-08;MV3;C14;226500,0;755,0
2019-12-08;LV1;C17;1068000,0;890,0
2019-12-08;LV1;C8;1047600,0;873,0
2019-12-08;LV1;C17;1057200,0;881,0
2019-12-08;LV1;C15;1062000,0;885,0
2019-12-08;MV1;C7;150500,0;602,0
2019-12-08;MV4;C16;332000,0;664,0
2019-12-08;MV4;C10;331500,0;663,0
2019-12-08;MV4;C14;328000,0;656,0
2019-12-08;LV3;C4;703700,0;454,0
2019-12-08;LV3;C1;697500,0;450,0
2019-12-08;LV3;C5;709900,0;458,0
2019-12-08;LV3;C18;706800,0;456,0
2019-12-08;HV2;C1;13600,0;544,0
2019-12-08;HV2;C15;13275,0;531,0
2019-12-08;HV2;C9;13450,0;538,0
2019-12-08;HV2;C11;13450,0;538,0
2019-12-08;HV2;C12;13275,0;531,0
2019-12-08;HV2;C7;13625,0;545,0
2019-12-08;HV2;C18;13575,0;543,0
2019-12-08;LV2;C2;1730000,0;865,0
2019-12-08;LV2;C14;1742000,0;871,0
2019-12-08;LV2;C15;1746000,0;873,0
2019-12-08;LV2;C10;1758000,0;879,0
2019-12-08;LV2;C9;1776000,0;888,0
2019-12-08;HV1;C15;21475,0;859,0
2019-12-08;HV1;C12;21325,0;853,0
2019-12-08;HV1;C6;21350,0;854,0
2019-12-08;LV2;C14;1772000,0;886,0
2019-12-08;LV2;C13;1756000,0;878,0
2019-12-08;LV2;C14;1766000,0;883,0
2019-12-08;LV1;C15;1053600,0;878,0
2019-12-08;MV4;C15;330000,0;660,0
2019-12-08;HV5;C9;39950,0;799,0
2019-12-08;MV4;C4;327000,0;654,0
2019-12-08;LV1;C15;1053600,0;878,0
2019-12-08;MV4;C6;330000,0;660,0
2019-12-08;MV2;C6;287100,0;957,0
2019-12-08;MV2;C12;285900,0;953,0
2019-12-08;MV2;C9;283500,0;945,0
2019-12-08;MV2;C15;280800,0;936,0
2019-12-08;HV4;C14;63200,0;790,0
2019-12-08;HV4;C7;63840,0;798,0
2019-12-08;LV1;C16;1047600,0;873,0
2019-12-08;HV5;C15;38700,0;774,0
2019-12-08;HV5;C14;38950,0;779,0
2019-12-08;HV5;C6;39800,0;796,0
2019-12-08;HV5;C10;39200,0;784,0
2019-12-08;HV5;C2;39800,0;796,0
2019-12-08;HV5;C11;39950,0;799,0
2019-12-08;HV5;C17;38650,0;773,0
2019-12-08;HV3;C17;40800,0;680,0
2019-12-08;HV3;C1;40440,0;674,0
2019-12-08;HV5;C2;39300,0;786,0
2019-12-08;HV4;C13;63200,0;790,0
2019-12-08;HV3;C10;40380,0;673,0
2019-12-08;HV3;C18;40200,0;670,0
2019-12-08;HV3;C1;40440,0;674,0
2019-12-15;HV1;C12;21425,0;857,0
2019-12-15;HV1;C17;21375,0;855,0
2019-12-15;HV1;C8;21450,0;858,0
2019-12-15;HV1;C6;21425,0;857,0
2019-12-15;HV1;C11;21475,0;859,0
2019-12-15;HV1;C13;21425,0;857,0
2019-12-15;HV1;C3;21425,0;857,0
2019-12-15;HV3;C2;40200,0;670,0
2019-12-15;MV1;C18;149250,0;597,0
2019-12-15;HV3;C8;40980,0;683,0
2019-12-15;HV3;C17;40680,0;678,0
2019-12-15;HV3;C15;40980,0;683,0
2019-12-15;HV3;C4;40680,0;678,0
2019-12-15;HV3;C16;40380,0;673,0
2019-12-15;HV3;C10;41100,0;685,0
2019-12-15;HV3;C11;40080,0;668,0
2019-12-15;HV1;C18;21500,0;860,0
2019-12-15;HV3;C14;40920,0;682,0
2019-12-15;HV3;C16;41040,0;684,0
2019-12-15;HV1;C16;21475,0;859,0
2019-12-15;MV2;C9;282000,0;940,0
2019-12-15;HV1;C7;21350,0;854,0
2019-12-15;HV4;C18;63680,0;796,0
2019-12-15;HV4;C12;63440,0;793,0
2019-12-15;HV4;C16;64480,0;806,0
2019-12-15;HV2;C16;13200,0;528,0
2019-12-15;HV2;C9;13300,0;532,0
2019-12-15;HV2;C14;13475,0;539,0
2019-12-15;HV2;C4;13350,0;534,0
2019-12-15;HV2;C13;13525,0;541,0
2019-12-15;HV2;C2;13300,0;532,0
2019-12-15;HV2;C2;13250,0;530,0
2019-12-15;HV2;C6;13525,0;541,0
2019-12-15;HV2;C16;13300,0;532,0
2019-12-15;MV2;C14;288300,0;961,0
2019-12-15;HV1;C11;21400,0;856,0
2019-12-15;LV3;C17;708350,0;457,0
2019-12-15;LV3;C9;703700,0;454,0
2019-12-15;LV3;C18;705250,0;455,0
2019-12-15;LV3;C4;722300,0;466,0
2019-12-15;LV3;C2;702150,0;453,0
2019-12-15;LV3;C18;723850,0;467,0
2019-12-15;LV3;C15;688200,0;444,0
2019-12-15;LV2;C10;1758000,0;879,0
2019-12-15;LV2;C4;1762000,0;881,0
2019-12-15;LV2;C5;1760000,0;880,0
2019-12-15;LV2;C13;1770000,0;885,0
2019-12-15;LV2;C7;1726000,0;863,0
2019-12-15;HV5;C16;39000,0;780,0
2019-12-15;HV3;C4;40320,0;672,0
2019-12-15;LV3;C15;688200,0;444,0
2019-12-15;HV5;C3;38800,0;776,0
2019-12-15;HV1;C7;21350,0;854,0
2019-12-15;HV3;C8;40260,0;671,0
2019-12-15;MV3;C4;226200,0;754,0
2019-12-15;MV3;C18;230400,0;768,0
2019-12-15;MV3;C3;226500,0;755,0
2019-12-15;MV3;C17;232200,0;774,0
2019-12-15;HV5;C15;38750,0;775,0
2019-12-15;MV1;C18;152000,0;608,0
2019-12-15;LV1;C14;1054800,0;879,0
2019-12-15;LV1;C18;1052400,0;877,0
2019-12-15;LV1;C17;1048800,0;874,0
2019-12-15;LV1;C16;1068000,0;890,0
2019-12-15;LV1;C16;1072800,0;894,0
2019-12-15;LV1;C2;1056000,0;880,0
2019-12-15;LV1;C13;1057200,0;881,0
2019-12-15;MV1;C9;150500,0;602,0
2019-12-15;LV1;C11;1060800,0;884,0
2019-12-15;LV1;C16;1056000,0;880,0
2019-12-15;LV1;C13;1060800,0;884,0
2019-12-15;MV1;C4;149250,0;597,0
2019-12-15;MV1;C10;150000,0;600,0
2019-12-15;MV1;C10;151250,0;605,0
2019-12-15;MV1;C18;150500,0;602,0
2019-12-15;MV3;C2;227700,0;759,0
2019-12-15;MV3;C16;231900,0;773,0
2019-12-15;LV1;C1;1063200,0;886,0
2019-12-15;MV1;C9;148250,0;593,0
2019-12-15;MV1;C16;150250,0;601,0
2019-12-15;MV1;C8;148500,0;594,0
2019-12-15;HV5;C12;39350,0;787,0
2019-12-15;MV3;C16;230700,0;769,0
2019-12-15;MV1;C12;152250,0;609,0
2019-12-15;HV5;C2;38850,0;777,0
2019-12-22;HV5;C14;39900,0;798,0
2019-12-22;HV5;C11;39950,0;799,0
2019-12-22;HV5;C1;39000,0;780,0
2019-12-22;LV1;C9;1051200,0;876,0
2019-12-22;HV5;C8;39550,0;791,0
2019-12-22;HV5;C16;39300,0;786,0
2019-12-22;LV1;C10;1060800,0;884,0
2019-12-22;HV5;C13;38750,0;775,0
2019-12-22;HV5;C12;39250,0;785,0
2019-12-22;LV1;C17;1051200,0;876,0
2019-12-22;LV1;C2;1054800,0;879,0
2019-12-22;LV1;C10;1069200,0;891,0
2019-12-22;LV1;C18;1060800,0;884,0
2019-12-22;HV5;C7;39000,0;780,0
2019-12-22;MV4;C15;329000,0;658,0
2019-12-22;HV2;C3;13275,0;531,0
2019-12-22;LV2;C17;1736000,0;868,0
2019-12-22;HV3;C11;40980,0;683,0
2019-12-22;HV3;C4;39960,0;666,0
2019-12-22;HV4;C7;62880,0;786,0
2019-12-22;HV3;C10;40320,0;672,0
2019-12-22;MV2;C16;287100,0;957,0
2019-12-22;LV1;C14;1071600,0;893,0
2019-12-22;LV1;C8;1047600,0;873,0
2019-12-22;HV5;C13;40000,0;800,0
2019-12-22;HV2;C12;13450,0;538,0
2019-12-22;HV2;C15;13450,0;538,0
2019-12-22;HV2;C2;13075,0;523,0
2019-12-22;HV2;C2;13525,0;541,0
2019-12-22;HV2;C11;13375,0;535,0
2019-12-22;HV2;C4;13100,0;524,0
2019-12-22;HV2;C8;13300,0;532,0
2019-12-22;HV2;C17;13500,0;540,0
2019-12-22;HV2;C3;13425,0;537,0
2019-12-22;MV4;C5;333500,0;667,0
2019-12-22;LV2;C12;1744000,0;872,0
2019-12-22;HV5;C11;39000,0;780,0
2019-12-22;MV3;C15;226500,0;755,0
2019-12-22;LV2;C17;1736000,0;868,0
2019-12-22;LV2;C13;1776000,0;888,0
2019-12-22;LV2;C2;1732000,0;866,0
2019-12-22;MV3;C16;226200,0;754,0
2019-12-22;MV3;C9;230700,0;769,0
2019-12-22;MV1;C13;151000,0;604,0
2019-12-22;MV4;C15;333500,0;667,0
2019-12-22;MV4;C10;326000,0;652,0
2019-12-22;LV3;C18;725400,0;468,0
2019-12-22;MV4;C15;330500,0;661,0
2019-12-22;HV1;C2;21600,0;864,0
2019-12-22;HV1;C10;21550,0;862,0
2019-12-22;HV1;C5;21425,0;857,0
2019-12-22;HV1;C14;21600,0;864,0
2019-12-22;HV1;C16;21450,0;858,0
2019-12-22;HV1;C4;21425,0;857,0
2019-12-22;HV1;C15;21475,0;859,0
2019-12-22;HV1;C10;21525,0;861,0
2019-12-22;MV4;C8;329000,0;658,0
2019-12-22;LV3;C9;703700,0;454,0
2019-12-22;LV2;C7;1738000,0;869,0
2019-12-22;MV3;C13;225900,0;753,0
2019-12-22;LV3;C17;697500,0;450,0
2019-12-22;LV3;C3;709900,0;458,0
2019-12-22;LV3;C1;716100,0;462,0
2019-12-22;LV3;C9;697500,0;450,0
2019-12-22;LV3;C6;688200,0;444,0
2019-12-22;MV3;C14;232800,0;776,0
2019-12-22;LV3;C14;688200,0;444,0
2019-12-22;LV3;C3;711450,0;459,0
2019-12-22;LV3;C2;689750,0;445,0
2019-12-22;LV3;C15;694400,0;448,0
2019-12-22;MV3;C8;230700,0;769,0
2019-12-22;MV3;C12;228600,0;762,0
2019-12-22;MV3;C2;232800,0;776,0
2019-12-22;MV3;C16;227700,0;759,0
2019-12-22;MV3;C4;231900,0;773,0
2019-12-22;LV3;C13;722300,0;466,0
2019-12-29;MV2;C3;282000,0;940,0
2019-12-29;MV2;C5;284400,0;948,0
2019-12-29;MV4;C6;326500,0;653,0
2019-12-29;MV4;C10;325500,0;651,0
2019-12-29;MV4;C1;334000,0;668,0
2019-12-29;MV2;C1;286800,0;956,0
2019-12-29;HV5;C2;39400,0;788,0
2019-12-29;LV1;C17;1065600,0;888,0
2019-12-29;MV2;C10;284400,0;948,0
2019-12-29;LV1;C8;1048800,0;874,0
2019-12-29;LV1;C6;1072800,0;894,0
2019-12-29;MV2;C7;283200,0;944,0
2019-12-29;MV2;C16;289200,0;964,0
2019-12-29;MV2;C7;282600,0;942,0
2019-12-29;MV2;C16;285600,0;952,0
2019-12-29;MV2;C2;286500,0;955,0
2019-12-29;MV4;C7;328000,0;656,0
2019-12-29;LV1;C15;1065600,0;888,0
2019-12-29;MV3;C3;227100,0;757,0
2019-12-29;MV1;C2;150000,0;600,0
2019-12-29;MV3;C4;228900,0;763,0
2019-12-29;MV3;C15;232800,0;776,0
2019-12-29;MV3;C8;231600,0;772,0
2019-12-29;MV3;C3;232200,0;774,0
2019-12-29;MV3;C6;230700,0;769,0
2019-12-29;MV3;C15;228000,0;760,0
2019-12-29;MV3;C1;230400,0;768,0
2019-12-29;MV3;C9;226800,0;756,0
2019-12-29;MV3;C16;231300,0;771,0
2019-12-29;MV1;C17;153500,0;614,0
2019-12-29;LV2;C16;1766000,0;883,0
2019-12-29;MV3;C17;229500,0;765,0
2019-12-29;HV3;C15;40200,0;670,0
2019-12-29;LV2;C12;1768000,0;884,0
2019-12-29;LV2;C2;1786000,0;893,0
2019-12-29;LV2;C15;1740000,0;870,0
2019-12-29;LV2;C5;1784000,0;892,0
2019-12-29;LV2;C14;1784000,0;892,0
2019-12-29;LV2;C10;1780000,0;890,0
2019-12-29;LV2;C16;1762000,0;881,0
2019-12-29;LV2;C15;1774000,0;887,0
2019-12-29;LV2;C2;1750000,0;875,0
2019-12-29;MV4;C2;333000,0;666,0
2019-12-29;MV4;C5;326000,0;652,0
2019-12-29;MV4;C17;328000,0;656,0
2019-12-29;MV4;C16;325500,0;651,0
2019-12-29;LV2;C1;1742000,0;871,0
2019-12-29;HV1;C7;21400,0;856,0
2019-12-29;HV3;C9;40200,0;670,0
2019-12-29;HV3;C9;39960,0;666,0
2019-12-29;MV1;C13;148750,0;595,0
2019-12-29;MV1;C17;150000,0;600,0
2019-12-29;MV1;C9;154250,0;617,0
2019-12-29;MV1;C17;152500,0;610,0
2019-12-29;MV1;C1;154000,0;616,0
2019-12-29;HV2;C4;13525,0;541,0
2019-12-29;HV2;C9;13250,0;530,0
2019-12-29;HV2;C2;13100,0;524,0
2019-12-29;HV2;C15;13425,0;537,0
2019-12-29;HV2;C1;13450,0;538,0
2019-12-29;HV2;C18;13125,0;525,0
2019-12-29;HV3;C17;40920,0;682,0
2019-12-29;HV4;C6;64720,0;809,0
2019-12-29;HV4;C7;63920,0;799,0
2019-12-29;HV4;C9;63840,0;798,0
2019-12-29;LV2;C8;1780000,0;890,0
2019-12-29;HV2;C18;13375,0;535,0
2019-12-29;LV3;C18;702150,0;453,0
2019-12-29;LV3;C2;692850,0;447,0
2019-12-29;LV3;C6;716100,0;462,0
2019-12-29;LV3;C10;723850,0;467,0
2019-12-29;HV4;C15;63520,0;794,0
2019-12-29;HV4;C14;63520,0;794,0
2019-12-29;HV4;C11;64640,0;808,0
2019-12-29;HV3;C5;39900,0;665,0
2019-12-29;HV3;C3;40740,0;679,0
2019-12-29;HV3;C7;40020,0;667,0
2019-12-29;MV4;C10;333500,0;667,0
2019-12-29;MV4;C1;326500,0;653,0
2020-01-05;HV2;C12;15475,0;619,0
2020-01-05;HV5;C15;35450,0;709,0
2020-01-05;LV2;C13;1640000,0;820,0
2020-01-05;LV2;C17;1648000,0;824,0
2020-01-05;LV2;C2;1596000,0;798,0
2020-01-05;LV2;C9;1600000,0;800,0
2020-01-05;LV2;C10;1640000,0;820,0
2020-01-05;LV2;C8;1616000,0;808,0
2020-01-05;LV2;C13;1648000,0;824,0
2020-01-05;LV2;C14;1602000,0;801,0
2020-01-05;LV2;C16;1654000,0;827,0
2020-01-05;HV5;C14;35700,0;714,0
2020-01-05;MV4;C6;302000,0;604,0
2020-01-05;MV4;C14;294000,0;588,0
2020-01-05;MV4;C5;300000,0;600,0
2020-01-05;MV4;C16;296500,0;593,0
2020-01-05;MV4;C15;298500,0;597,0
2020-01-05;MV4;C3;293500,0;587,0
2020-01-05;MV4;C15;294000,0;588,0
2020-01-05;MV4;C15;296500,0;593,0
2020-01-05;HV5;C13;35450,0;709,0
2020-01-05;HV5;C13;35500,0;710,0
2020-01-05;MV4;C14;302500,0;605,0
2020-01-05;MV4;C6;299000,0;598,0
2020-01-05;HV3;C5;42720,0;712,0
2020-01-05;HV4;C8;60560,0;757,0
2020-01-05;LV3;C5;627750,0;405,0
2020-01-05;LV3;C8;630850,0;407,0
2020-01-05;LV3;C10;638600,0;412,0
2020-01-05;LV3;C14;633950,0;409,0
2020-01-05;LV3;C18;637050,0;411,0
2020-01-05;LV1;C1;1113600,0;928,0
2020-01-05;LV1;C15;1108800,0;924,0
2020-01-05;LV1;C15;1108800,0;924,0
2020-01-05;LV1;C11;1095600,0;913,0
2020-01-05;LV1;C2;1112400,0;927,0
2020-01-05;HV2;C18;15400,0;616,0
2020-01-05;HV2;C2;15300,0;612,0
2020-01-05;HV2;C9;15350,0;614,0
2020-01-05;HV2;C14;15200,0;608,0
2020-01-05;HV2;C5;15250,0;610,0
2020-01-05;HV1;C6;20250,0;810,0
2020-01-05;MV1;C6;132500,0;530,0
2020-01-05;HV1;C11;20225,0;809,0
2020-01-05;MV2;C12;270900,0;903,0
2020-01-05;HV4;C15;59200,0;740,0
2020-01-05;HV3;C17;42840,0;714,0
2020-01-05;HV3;C10;42000,0;700,0
2020-01-05;HV2;C15;15525,0;621,0
2020-01-05;HV3;C10;42840,0;714,0
2020-01-05;MV3;C17;211200,0;704,0
2020-01-05;MV3;C9;215100,0;717,0
2020-01-05;MV3;C18;216000,0;720,0
2020-01-05;MV3;C17;216000,0;720,0
2020-01-05;MV3;C17;215700,0;719,0
2020-01-05;MV3;C4;217500,0;725,0
2020-01-05;MV3;C9;215400,0;718,0
2020-01-05;MV3;C6;214800,0;716,0
2020-01-05;MV3;C10;210900,0;703,0
2020-01-05;MV3;C5;216300,0;721,0
2020-01-05;MV2;C18;270000,0;900,0
2020-01-05;LV2;C6;1648000,0;824,0
2020-01-05;LV2;C13;1622000,0;811,0
2020-01-12;LV3;C15;638600,0;412,0
2020-01-12;LV3;C13;626200,0;404,0
2020-01-12;LV3;C3;613800,0;396,0
2020-01-12;LV1;C17;1105200,0;921,0
2020-01-12;LV1;C4;1107600,0;923,0
2020-01-12;HV2;C15;15250,0;610,0
2020-01-12;HV2;C10;15350,0;614,0
2020-01-12;HV2;C12;15175,0;607,0
2020-01-12;HV2;C3;15050,0;602,0
2020-01-12;HV2;C13;15450,0;618,0
2020-01-12;HV2;C2;15075,0;603,0
2020-01-12;HV2;C1;15050,0;602,0
2020-01-12;HV2;C7;15350,0;614,0
2020-01-12;LV1;C15;1084800,0;904,0
2020-01-12;LV1;C16;1087200,0;906,0
2020-01-12;LV1;C11;1113600,0;928,0
2020-01-12;LV1;C13;1113600,0;928,0
2020-01-12;LV1;C12;1108800,0;924,0
2020-01-12;MV4;C11;296000,0;592,0
2020-01-12;MV4;C15;298500,0;597,0
2020-01-12;LV1;C9;1096800,0;914,0
2020-01-12;LV1;C16;1087200,0;906,0
2020-01-12;LV1;C15;1104000,0;920,0
2020-01-12;LV1;C16;1112400,0;927,0
2020-01-12;LV1;C1;1102800,0;919,0
2020-01-12;HV4;C11;59200,0;740,0
2020-01-12;HV4;C6;59840,0;748,0
2020-01-12;HV4;C5;60640,0;758,0
2020-01-12;HV4;C4;60320,0;754,0
2020-01-12;HV4;C10;59520,0;744,0
2020-01-12;HV4;C6;59920,0;749,0
2020-01-12;MV1;C11;134250,0;537,0
2020-01-12;HV4;C1;59600,0;745,0
2020-01-12;MV1;C11;133250,0;533,0
2020-01-12;HV3;C9;42360,0;706,0
2020-01-12;HV3;C8;42300,0;705,0
2020-01-12;MV1;C3;136000,0;544,0
2020-01-12;HV3;C18;42360,0;706,0
2020-01-12;MV1;C3;134750,0;539,0
2020-01-12;MV1;C5;132250,0;529,0
2020-01-12;MV1;C2;135500,0;542,0
2020-01-12;MV1;C3;135500,0;542,0
2020-01-12;MV1;C11;133750,0;535,0
2020-01-12;HV1;C7;20325,0;813,0
2020-01-12;MV1;C7;134750,0;539,0
2020-01-12;MV1;C17;133500,0;534,0
2020-01-12;HV3;C10;42300,0;705,0
2020-01-12;HV3;C13;41940,0;699,0
2020-01-12;MV2;C11;267900,0;893,0
2020-01-12;MV2;C17;274500,0;915,0
2020-01-12;LV2;C2;1606000,0;803,0
2020-01-12;MV1;C11;135500,0;542,0
2020-01-12;LV2;C14;1606000,0;803,0
2020-01-12;MV1;C5;132250,0;529,0
2020-01-19;LV2;C5;1646000,0;823,0
2020-01-19;HV3;C13;42720,0;712,0
2020-01-19;HV3;C7;42120,0;702,0
2020-01-19;HV3;C15;42960,0;716,0
2020-01-19;HV3;C16;42840,0;714,0
2020-01-19;HV3;C4;42360,0;706,0
2020-01-19;HV3;C11;42720,0;712,0
2020-01-19;LV1;C1;1108800,0;924,0
2020-01-19;LV1;C3;1087200,0;906,0
2020-01-19;LV1;C4;1101600,0;918,0
2020-01-19;LV1;C1;1102800,0;919,0
2020-01-19;LV1;C18;1093200,0;911,0
2020-01-19;LV1;C5;1094400,0;912,0
2020-01-19;LV1;C1;1092000,0;910,0
2020-01-19;LV1;C2;1099200,0;916,0
2020-01-19;HV3;C3;41880,0;698,0
2020-01-19;LV1;C7;1092000,0;910,0
2020-01-19;MV4;C2;298000,0;596,0
2020-01-19;HV4;C3;59760,0;747,0
2020-01-19;MV3;C17;212100,0;707,0
2020-01-19;MV3;C3;216000,0;720,0
2020-01-19;MV3;C18;217500,0;725,0
2020-01-19;MV1;C3;134750,0;539,0
2020-01-19;MV1;C5;135750,0;543,0
2020-01-19;MV1;C10;134500,0;538,0
2020-01-19;MV1;C8;135500,0;542,0
2020-01-19;MV1;C11;133500,0;534,0
2020-01-19;MV1;C14;134750,0;539,0
2020-01-19;MV1;C1;134250,0;537,0
2020-01-19;MV1;C3;130250,0;521,0
2020-01-19;MV1;C3;130500,0;522,0
2020-01-19;MV1;C2;135000,0;540,0
2020-01-19;MV2;C11;268200,0;894,0
2020-01-19;MV2;C1;271800,0;906,0
2020-01-19;MV2;C9;269700,0;899,0
2020-01-19;MV1;C18;136000,0;544,0
2020-01-19;MV1;C6;132750,0;531,0
2020-01-19;LV3;C8;626200,0;404,0
2020-01-19;MV3;C5;211500,0;705,0
2020-01-19;MV3;C4;212100,0;707,0
2020-01-19;MV3;C17;215400,0;718,0
2020-01-19;MV3;C7;213600,0;712,0
2020-01-19;HV4;C9;60240,0;753,0
2020-01-19;HV4;C12;60320,0;754,0
2020-01-19;HV4;C1;59840,0;748,0
2020-01-19;LV2;C14;1650000,0;825,0
2020-01-19;HV5;C9;36450,0;729,0
2020-01-19;HV5;C17;36000,0;720,0
2020-01-19;HV5;C1;35300,0;706,0
2020-01-19;HV5;C6;35850,0;717,0
2020-01-19;HV5;C12;35750,0;715,0
2020-01-19;HV4;C8;59520,0;744,0
2020-01-19;HV5;C8;35200,0;704,0
2020-01-19;HV5;C11;35450,0;709,0
2020-01-19;HV5;C4;35750,0;715,0
2020-01-19;HV5;C16;36600,0;732,0
2020-01-19;HV5;C4;35300,0;706,0
2020-01-19;HV5;C8;35300,0;706,0
2020-01-19;MV3;C11;215700,0;719,0
2020-01-19;MV3;C3;212100,0;707,0
2020-01-19;MV3;C6;214800,0;716,0
2020-01-19;MV3;C11;216300,0;721,0
2020-01-19;HV5;C7;35250,0;705,0
2020-01-19;LV2;C13;1622000,0;811,0
2020-01-19;LV3;C6;616900,0;398,0
2020-01-19;HV1;C16;20175,0;807,0
2020-01-19;HV1;C11;20325,0;813,0
2020-01-19;HV1;C14;20200,0;808,0
2020-01-19;HV1;C7;20250,0;810,0
2020-01-19;LV3;C2;621550,0;401,0
2020-01-19;HV1;C18;20275,0;811,0
2020-01-19;LV3;C3;618450,0;399,0
2020-01-19;HV1;C14;20175,0;807,0
2020-01-19;LV3;C10;643250,0;415,0
2020-01-19;LV3;C18;613800,0;396,0
2020-01-19;LV3;C9;616900,0;398,0
2020-01-19;LV3;C3;637050,0;411,0
2020-01-19;LV3;C13;647900,0;418,0
2020-01-19;LV3;C10;621550,0;401,0
2020-01-19;LV3;C16;638600,0;412,0
2020-01-19;LV3;C18;632400,0;408,0
2020-01-19;HV1;C17;20250,0;810,0
2020-01-26;MV2;C10;274500,0;915,0
2020-01-26;MV2;C3;267300,0;891,0
2020-01-26;MV2;C15;273300,0;911,0
2020-01-26;MV1;C13;131250,0;525,0
2020-01-26;HV5;C16;35700,0;714,0
2020-01-26;MV1;C17;132000,0;528,0
2020-01-26;MV2;C7;269100,0;897,0
2020-01-26;MV3;C5;212400,0;708,0
2020-01-26;MV3;C12;216600,0;722,0
2020-01-26;MV3;C3;212100,0;707,0
2020-01-26;MV1;C16;133750,0;535,0
2020-01-26;MV1;C13;131500,0;526,0
2020-01-26;MV1;C6;134750,0;539,0
2020-01-26;MV1;C3;131500,0;526,0
2020-01-26;HV3;C7;42420,0;707,0
2020-01-26;HV3;C13;42240,0;704,0
2020-01-26;HV3;C16;42300,0;705,0
2020-01-26;HV3;C13;42720,0;712,0
2020-01-26;HV3;C16;42720,0;712,0
2020-01-26;HV3;C8;42480,0;708,0
2020-01-26;MV1;C10;134500,0;538,0
2020-01-26;MV1;C3;135250,0;541,0
2020-01-26;MV3;C5;211500,0;705,0
2020-01-26;LV3;C3;646350,0;417,0
2020-01-26;MV1;C13;132500,0;530,0
2020-01-26;HV5;C12;35450,0;709,0
2020-01-26;HV5;C2;36050,0;721,0
2020-01-26;MV2;C16;273300,0;911,0
2020-01-26;HV5;C3;35650,0;713,0
2020-01-26;HV5;C18;35600,0;712,0
2020-01-26;HV5;C5;35900,0;718,0
2020-01-26;HV5;C11;36050,0;721,0
2020-01-26;MV2;C11;272400,0;908,0
2020-01-26;MV4;C4;294500,0;589,0
2020-01-26;MV4;C2;304000,0;608,0
2020-01-26;MV4;C4;300000,0;600,0
2020-01-26;MV4;C12;295000,0;590,0
2020-01-26;MV2;C10;268200,0;894,0
2020-01-26;MV2;C10;267600,0;892,0
2020-01-26;MV4;C10;300000,0;600,0
2020-01-26;MV4;C10;300500,0;601,0
2020-01-26;MV4;C6;302000,0;604,0
2020-01-26;LV1;C10;1101600,0;918,0
2020-01-26;MV2;C7;270600,0;902,0
2020-01-26;LV2;C6;1654000,0;827,0
2020-01-26;LV2;C4;1608000,0;804,0
2020-01-26;MV2;C7;274500,0;915,0
2020-01-26;MV3;C4;214500,0;715,0
2020-01-26;LV2;C14;1662000,0;831,0
2020-01-26;LV2;C10;1636000,0;818,0
2020-01-26;LV2;C15;1628000,0;814,0
2020-02-02;LV1;C13;1099200,0;916,0
2020-02-02;LV1;C15;1090800,0;909,0
2020-02-02;LV1;C16;1087200,0;906,0
2020-02-02;LV1;C8;1081200,0;901,0
2020-02-02;HV3;C12;42720,0;712,0
2020-02-02;LV1;C9;1089600,0;908,0
2020-02-02;HV3;C7;41640,0;694,0
2020-02-02;LV1;C17;1104000,0;920,0
2020-02-02;HV3;C16;42240,0;704,0
2020-02-02;LV1;C10;1102800,0;919,0
2020-02-02;LV1;C3;1088400,0;907,0
2020-02-02;LV1;C12;1099200,0;916,0
2020-02-02;LV1;C1;1081200,0;901,0
2020-02-02;LV1;C4;1081200,0;901,0
2020-02-02;HV2;C7;14925,0;597,0
2020-02-02;HV2;C18;15000,0;600,0
2020-02-02;HV2;C4;14925,0;597,0
2020-02-02;HV2;C8;14925,0;597,0
2020-02-02;MV2;C9;268800,0;896,0
2020-02-02;MV2;C1;271200,0;904,0
2020-02-02;MV2;C1;275700,0;919,0
2020-02-02;MV3;C3;214500,0;715,0
2020-02-02;HV3;C13;42120,0;702,0
2020-02-02;MV3;C2;218700,0;729,0
2020-02-02;MV1;C5;131500,0;526,0
2020-02-02;MV3;C15;211800,0;706,0
2020-02-02;HV1;C6;20300,0;812,0
2020-02-02;HV1;C14;20250,0;810,0
2020-02-02;HV1;C7;20300,0;812,0
2020-02-02;HV1;C7;20225,0;809,0
2020-02-02;HV1;C17;20300,0;812,0
2020-02-02;MV3;C6;214200,0;714,0
2020-02-02;LV3;C9;613800,0;396,0
2020-02-02;LV3;C2;643250,0;415,0
2020-02-02;LV3;C14;624650,0;403,0
2020-02-02;LV3;C6;616900,0;398,0
2020-02-02;HV1;C15;20250,0;810,0
2020-02-02;HV1;C9;20425,0;817,0
2020-02-02;HV1;C12;20425,0;817,0
2020-02-02;LV2;C12;1652000,0;826,0
2020-02-02;LV2;C3;1640000,0;820,0
2020-02-02;LV2;C11;1658000,0;829,0
2020-02-02;LV2;C15;1664000,0;832,0
2020-02-02;HV1;C14;20250,0;810,0
2020-02-02;HV5;C8;36600,0;732,0
2020-02-02;HV5;C1;35700,0;714,0
2020-02-02;MV4;C11;299000,0;598,0
2020-02-02;MV4;C7;295500,0;591,0
2020-02-02;MV4;C8;301500,0;603,0
2020-02-02;HV1;C18;20425,0;817,0
2020-02-02;LV3;C3;641700,0;414,0
2020-02-02;HV1;C15;20300,0;812,0
2020-02-02;MV1;C11;133000,0;532,0
2020-02-02;MV3;C1;218700,0;729,0
2020-02-02;MV1;C5;135500,0;542,0
2020-02-02;MV1;C1;131000,0;524,0
2020-02-02;MV1;C13;133000,0;532,0
2020-02-02;MV1;C13;130750,0;523,0
2020-02-02;LV3;C3;621550,0;401,0
2020-02-02;MV1;C15;136500,0;546,0
2020-02-02;MV1;C17;132000,0;528,0
2020-02-02;MV1;C15;134750,0;539,0
2020-02-02;MV1;C8;131000,0;524,0
2020-02-02;MV1;C8;134750,0;539,0
2020-02-02;MV1;C18;131250,0;525,0
2020-02-09;MV3;C7;216000,0;720,0
2020-02-09;HV2;C8;15275,0;611,0
2020-02-09;HV4;C2;60800,0;760,0
2020-02-09;HV4;C16;60560,0;757,0
2020-02-09;MV2;C12;272100,0;907,0
2020-02-09;MV2;C6;270600,0;902,0
2020-02-09;MV4;C3;300000,0;600,0
2020-02-09;MV4;C6;299000,0;598,0
2020-02-09;HV2;C15;15175,0;607,0
2020-02-09;LV3;C6;652550,0;421,0
2020-02-09;HV5;C4;35700,0;714,0
2020-02-09;HV5;C5;36700,0;734,0
2020-02-09;HV5;C17;35850,0;717,0
2020-02-09;MV3;C17;218100,0;727,0
2020-02-09;HV4;C3;59120,0;739,0
2020-02-09;HV4;C3;60240,0;753,0
2020-02-09;HV4;C8;60000,0;750,0
2020-02-09;HV1;C14;20450,0;818,0
2020-02-09;HV1;C9;20450,0;818,0
2020-02-09;MV3;C17;215400,0;718,0
2020-02-09;MV3;C5;212100,0;707,0
2020-02-09;MV3;C13;215100,0;717,0
2020-02-09;MV2;C2;273000,0;910,0
2020-02-09;MV2;C10;267600,0;892,0
2020-02-09;MV2;C8;275100,0;917,0
2020-02-09;MV2;C5;270900,0;903,0
2020-02-09;MV3;C11;215700,0;719,0
2020-02-09;MV3;C11;219000,0;730,0
2020-02-09;HV2;C11;15100,0;604,0
2020-02-09;MV4;C4;304000,0;608,0
2020-02-09;HV2;C8;15000,0;600,0
2020-02-09;HV3;C10;41580,0;693,0
2020-02-09;HV3;C1;41820,0;697,0
2020-02-09;LV2;C10;1648000,0;824,0
2020-02-09;LV2;C6;1636000,0;818,0
2020-02-09;LV2;C13;1618000,0;809,0
2020-02-09;LV2;C15;1656000,0;828,0
2020-02-09;LV2;C11;1642000,0;821,0
2020-02-09;HV2;C18;15175,0;607,0
2020-02-09;HV3;C16;41820,0;697,0
2020-02-09;HV3;C4;41880,0;698,0
2020-02-09;HV3;C5;42120,0;702,0
2020-02-09;HV3;C13;41700,0;695,0
2020-02-09;LV2;C10;1630000,0;815,0
2020-02-09;MV3;C4;214800,0;716,0
2020-02-09;MV3;C16;214800,0;716,0
2020-02-09;MV3;C11;216600,0;722,0
2020-02-09;MV1;C7;135500,0;542,0
2020-02-09;LV3;C2;647900,0;418,0
2020-02-09;LV3;C11;638600,0;412,0
2020-02-09;LV3;C5;651000,0;420,0
2020-02-09;LV3;C11;620000,0;400,0
2020-02-09;LV3;C17;632400,0;408,0
2020-02-09;HV2;C15;15125,0;605,0
2020-02-09;HV3;C13;41760,0;696,0
2020-02-09;HV3;C13;41760,0;696,0
2020-02-09;HV2;C2;15350,0;614,0
2020-02-09;HV2;C16;15200,0;608,0
2020-02-09;LV1;C8;1098000,0;915,0
2020-02-09;LV1;C1;1105200,0;921,0
2020-02-09;LV1;C18;1102800,0;919,0
2020-02-09;LV1;C3;1102800,0;919,0
2020-02-16;MV3;C3;216300,0;721,0
2020-02-16;LV3;C14;652550,0;421,0
2020-02-16;LV3;C6;629300,0;406,0
2020-02-16;LV3;C10;643250,0;415,0
2020-02-16;HV1;C7;20450,0;818,0
2020-02-16;HV1;C15;20525,0;821,0
2020-02-16;HV4;C4;59520,0;744,0
2020-02-16;LV3;C10;649450,0;419,0
2020-02-16;LV3;C12;624650,0;403,0
2020-02-16;LV3;C12;644800,0;416,0
2020-02-16;HV4;C4;60480,0;756,0
2020-02-16;HV1;C4;20400,0;816,0
2020-02-16;HV1;C6;20475,0;819,0
2020-02-16;MV3;C13;212400,0;708,0
2020-02-16;HV1;C7;20325,0;813,0
2020-02-16;HV1;C17;20500,0;820,0
2020-02-16;MV3;C6;217500,0;725,0
2020-02-16;MV3;C3;217500,0;725,0
2020-02-16;MV4;C11;301000,0;602,0
2020-02-16;MV4;C6;299000,0;598,0
2020-02-16;MV4;C13;301000,0;602,0
2020-02-16;MV4;C11;300500,0;601,0
2020-02-16;HV1;C12;20300,0;812,0
2020-02-16;HV5;C5;35750,0;715,0
2020-02-16;HV5;C14;36000,0;720,0
2020-02-16;HV5;C5;36100,0;722,0
2020-02-16;MV4;C3;299500,0;599,0
2020-02-16;MV3;C7;216600,0;722,0
2020-02-16;MV3;C14;215400,0;718,0
2020-02-16;MV3;C14;217500,0;725,0
2020-02-16;MV3;C10;213600,0;712,0
2020-02-16;LV3;C6;652550,0;421,0
2020-02-16;HV1;C7;20375,0;815,0
2020-02-16;HV1;C9;20300,0;812,0
2020-02-16;MV1;C4;133250,0;533,0
2020-02-16;HV1;C7;20350,0;814,0
2020-02-16;MV1;C11;136250,0;545,0
2020-02-16;LV3;C11;630850,0;407,0
2020-02-16;LV3;C12;640150,0;413,0
2020-02-16;LV3;C18;647900,0;418,0
2020-02-16;MV1;C5;131500,0;526,0
2020-02-16;HV3;C15;41640,0;694,0
2020-02-16;HV3;C9;42000,0;700,0
2020-02-16;MV2;C4;268500,0;895,0
2020-02-16;MV2;C17;271200,0;904,0
2020-02-16;MV2;C7;273000,0;910,0
2020-02-16;LV3;C14;620000,0;400,0
2020-02-16;MV2;C14;276600,0;922,0
2020-02-16;MV2;C2;276300,0;921,0
2020-02-16;MV2;C17;271200,0;904,0
2020-02-16;MV2;C17;275100,0;917,0
2020-02-16;HV2;C5;15250,0;610,0
2020-02-16;LV3;C13;649450,0;419,0
2020-02-16;HV2;C12;15200,0;608,0
2020-02-16;MV1;C15;136000,0;544,0
2020-02-16;HV1;C1;20350,0;814,0
2020-02-16;MV1;C16;133750,0;535,0
2020-02-16;HV1;C5;20300,0;812,0
2020-02-16;MV1;C11;131750,0;527,0
2020-02-16;HV2;C12;15150,0;606,0
2020-02-16;MV1;C9;134500,0;538,0
2020-02-16;MV1;C11;134500,0;538,0
2020-02-16;MV1;C18;134500,0;538,0
2020-02-16;MV1;C3;131750,0;527,0
2020-02-16;HV2;C13;14850,0;594,0
2020-02-23;MV3;C12;213300,0;711,0
2020-02-23;MV3;C16;216000,0;720,0
2020-02-23;HV1;C7;20450,0;818,0
2020-02-23;HV1;C15;20525,0;821,0
2020-02-23;HV4;C14;60240,0;753,0
2020-02-23;MV3;C2;218700,0;729,0
2020-02-23;MV3;C13;213300,0;711,0
2020-02-23;MV3;C11;213300,0;711,0
2020-02-23;MV3;C6;216300,0;721,0
2020-02-23;HV3;C18;42360,0;706,0
2020-02-23;HV4;C18;60800,0;760,0
2020-02-23;HV4;C14;61040,0;763,0
2020-02-23;MV3;C10;217500,0;725,0
2020-02-23;LV1;C17;1089600,0;908,0
2020-02-23;LV1;C10;1080000,0;900,0
2020-02-23;LV1;C12;1096800,0;914,0
2020-02-23;HV4;C5;60560,0;757,0
2020-02-23;HV4;C18;61200,0;765,0
2020-02-23;HV4;C14;61200,0;765,0
2020-02-23;HV4;C3;59280,0;741,0
2020-02-23;HV4;C3;60960,0;762,0
2020-02-23;HV4;C14;60400,0;755,0
2020-02-23;LV1;C11;1087200,0;906,0
2020-02-23;LV1;C13;1094400,0;912,0
2020-02-23;LV3;C8;633950,0;409,0
2020-02-23;LV3;C6;635500,0;410,0
2020-02-23;LV3;C3;633950,0;409,0
2020-02-23;LV3;C11;635500,0;410,0
2020-02-23;LV3;C8;649450,0;419,0
2020-02-23;LV1;C6;1086000,0;905,0
2020-02-23;LV3;C5;616900,0;398,0
2020-02-23;LV3;C8;621550,0;401,0
2020-02-23;MV4;C1;304000,0;608,0
2020-02-23;LV2;C13;1654000,0;827,0
2020-02-23;HV5;C4;35850,0;717,0
2020-02-23;LV2;C4;1652000,0;826,0
2020-02-23;LV2;C14;1622000,0;811,0
2020-02-23;LV2;C7;1656000,0;828,0
2020-02-23;HV5;C8;36750,0;735,0
2020-02-23;LV2;C1;1664000,0;832,0
2020-02-23;HV5;C16;35750,0;715,0
2020-02-23;LV2;C14;1664000,0;832,0
2020-02-23;MV2;C4;274200,0;914,0
2020-02-23;MV2;C12;270300,0;901,0
2020-02-23;HV5;C6;36550,0;731,0
2020-02-23;MV2;C14;273600,0;912,0
2020-02-23;MV2;C17;269400,0;898,0
2020-02-23;MV2;C4;269400,0;898,0
2020-02-23;MV4;C16;303000,0;606,0
2020-02-23;MV4;C1;296500,0;593,0
2020-02-23;MV4;C4;299000,0;598,0
2020-02-23;MV4;C8;299000,0;598,0
2020-02-23;MV4;C18;296500,0;593,0
2020-02-23;MV2;C2;272400,0;908,0
2020-02-23;MV4;C10;298500,0;597,0
2020-02-23;MV4;C7;301000,0;602,0
2020-02-23;MV1;C7;134000,0;536,0
2020-02-23;MV1;C18;134000,0;536,0
2020-02-23;HV1;C9;20375,0;815,0
2020-02-23;HV5;C9;36350,0;727,0
2020-03-01;MV3;C5;217500,0;725,0
2020-03-01;HV4;C14;59360,0;742,0
2020-03-01;HV4;C14;60480,0;756,0
2020-03-01;MV3;C17;219600,0;732,0
2020-03-01;HV1;C4;20525,0;821,0
2020-03-01;HV1;C12;20525,0;821,0
2020-03-01;HV4;C3;61200,0;765,0
2020-03-01;HV4;C15;60480,0;756,0
2020-03-01;HV4;C8;59920,0;749,0
2020-03-01;LV3;C9;633950,0;409,0
2020-03-01;LV3;C15;624650,0;403,0
2020-03-01;LV3;C10;644800,0;416,0
2020-03-01;HV1;C12;20450,0;818,0
2020-03-01;LV3;C7;623100,0;402,0
2020-03-01;HV4;C8;61280,0;766,0
2020-03-01;HV4;C8;60000,0;750,0
2020-03-01;HV4;C10;60240,0;753,0
2020-03-01;LV3;C6;618450,0;399,0
2020-03-01;HV1;C9;20350,0;814,0
2020-03-01;HV1;C10;20550,0;822,0
2020-03-01;MV3;C12;218700,0;729,0
2020-03-01;HV4;C18;60080,0;751,0
2020-03-01;MV2;C1;275400,0;918,0
2020-03-01;HV4;C16;60160,0;752,0
2020-03-01;HV2;C3;14775,0;591,0
2020-03-01;HV3;C2;41520,0;692,0
2020-03-01;LV1;C2;1075200,0;896,0
2020-03-01;HV3;C10;41400,0;690,0
2020-03-01;HV3;C13;41280,0;688,0
2020-03-01;HV3;C9;41280,0;688,0
2020-03-01;HV2;C13;14950,0;598,0
2020-03-01;HV3;C18;42120,0;702,0
2020-03-01;HV3;C2;41760,0;696,0
2020-03-01;HV4;C12;60240,0;753,0
2020-03-01;HV3;C9;41640,0;694,0
2020-03-01;HV3;C6;41400,0;690,0
2020-03-01;MV2;C14;272700,0;909,0
2020-03-01;MV2;C3;270300,0;901,0
2020-03-01;HV3;C3;41880,0;698,0
2020-03-01;MV2;C8;277500,0;925,0
2020-03-01;HV2;C3;14775,0;591,0
2020-03-01;MV1;C8;137250,0;549,0
2020-03-01;LV2;C18;1636000,0;818,0
2020-03-01;LV2;C10;1654000,0;827,0
2020-03-01;LV2;C3;1656000,0;828,0
2020-03-01;LV2;C15;1630000,0;815,0
2020-03-01;LV2;C14;1634000,0;817,0
2020-03-01;LV2;C15;1656000,0;828,0
2020-03-01;MV1;C10;138000,0;552,0
2020-03-01;LV2;C7;1652000,0;826,0
2020-03-01;LV2;C8;1618000,0;809,0
2020-03-01;LV2;C17;1668000,0;834,0
2020-03-01;LV2;C8;1642000,0;821,0
2020-03-01;MV1;C17;132250,0;529,0
2020-03-01;MV1;C13;133000,0;532,0
2020-03-01;MV1;C17;137250,0;549,0
2020-03-01;LV2;C3;1642000,0;821,0
2020-03-01;MV2;C3;273000,0;910,0
2020-03-01;HV3;C12;42120,0;702,0
2020-03-01;MV2;C16;273600,0;912,0
2020-03-01;MV4;C5;301000,0;602,0
2020-03-01;MV4;C3;304500,0;609,0
2020-03-01;MV4;C13;297500,0;595,0
2020-03-01;HV4;C9;60640,0;758,0
2020-03-01;HV5;C17;35350,0;707,0
2020-03-01;HV5;C7;35550,0;711,0
2020-03-01;HV5;C12;35600,0;712,0
2020-03-01;HV5;C14;36100,0;722,0
2020-03-01;MV4;C12;296500,0;593,0
2020-03-01;HV5;C2;36250,0;725,0
2020-03-01;MV4;C10;303500,0;607,0
2020-03-01;MV2;C3;276300,0;921,0
2020-03-01;MV2;C12;277500,0;925,0
2020-03-01;MV2;C13;275400,0;918,0
2020-03-08;LV3;C14;624650,0;403,0
2020-03-08;LV3;C13;635500,0;410,0
2020-03-08;LV3;C8;643250,0;415,0
2020-03-08;LV3;C12;637050,0;411,0
2020-03-08;MV1;C5;133000,0;532,0
2020-03-08;MV1;C5;133750,0;535,0
2020-03-08;MV3;C8;215400,0;718,0
2020-03-08;MV3;C5;220200,0;734,0
2020-03-08;MV3;C7;216000,0;720,0
2020-03-08;MV1;C16;132500,0;530,0
2020-03-08;MV1;C13;136250,0;545,0
2020-03-08;MV1;C10;137250,0;549,0
2020-03-08;MV1;C11;135250,0;541,0
2020-03-08;MV1;C1;133500,0;534,0
2020-03-08;MV3;C4;214800,0;716,0
2020-03-08;MV1;C1;135250,0;541,0
2020-03-08;LV3;C1;649450,0;419,0
2020-03-08;MV2;C16;272400,0;908,0
2020-03-08;MV2;C9;276300,0;921,0
2020-03-08;MV2;C15;276900,0;923,0
2020-03-08;HV5;C15;36200,0;724,0
2020-03-08;HV5;C3;36100,0;722,0
2020-03-08;HV5;C5;36250,0;725,0
2020-03-08;HV5;C16;35750,0;715,0
2020-03-08;LV3;C7;652550,0;421,0
2020-03-08;HV5;C5;36450,0;729,0
2020-03-08;HV5;C13;35900,0;718,0
2020-03-08;LV3;C2;623100,0;402,0
2020-03-08;LV3;C16;640150,0;413,0
2020-03-08;MV1;C10;135250,0;541,0
2020-03-08;MV3;C3;219600,0;732,0
2020-03-08;MV1;C12;138250,0;553,0
2020-03-08;LV3;C14;654100,0;422,0
2020-03-08;HV5;C18;36650,0;733,0
2020-03-08;MV3;C4;214200,0;714,0
2020-03-08;HV4;C7;60000,0;750,0
2020-03-08;HV3;C17;42000,0;700,0
2020-03-08;HV4;C17;61040,0;763,0
2020-03-08;HV4;C9;60560,0;757,0
2020-03-08;HV3;C18;41640,0;694,0
2020-03-08;HV3;C6;41760,0;696,0
2020-03-08;HV3;C3;42300,0;705,0
2020-03-08;MV4;C6;303500,0;607,0
2020-03-08;MV4;C1;300000,0;600,0
2020-03-08;HV4;C8;60080,0;751,0
2020-03-08;HV3;C6;41700,0;695,0
2020-03-08;HV3;C7;41940,0;699,0
2020-03-08;HV3;C2;41460,0;691,0
2020-03-08;HV3;C7;41580,0;693,0
2020-03-08;HV4;C3;60320,0;754,0
2020-03-08;HV4;C6;59840,0;748,0
2020-03-08;HV4;C14;60160,0;752,0
2020-03-08;HV4;C5;59920,0;749,0
2020-03-08;HV2;C5;15125,0;605,0
2020-03-08;HV4;C12;60880,0;761,0
2020-03-08;HV2;C18;14850,0;594,0
2020-03-08;HV2;C16;14875,0;595,0
2020-03-08;LV2;C6;1646000,0;823,0
2020-03-08;LV2;C16;1648000,0;824,0
2020-03-08;LV2;C13;1650000,0;825,0
2020-03-08;LV2;C13;1652000,0;826,0
2020-03-08;LV2;C2;1658000,0;829,0
2020-03-08;LV2;C1;1638000,0;819,0
2020-03-08;LV2;C2;1628000,0;814,0
2020-03-08;LV2;C7;1652000,0;826,0
2020-03-08;LV1;C14;1089600,0;908,0
2020-03-08;LV1;C16;1083600,0;903,0
2020-03-08;LV1;C2;1093200,0;911,0
2020-03-08;HV3;C5;41400,0;690,0
2020-03-08;MV3;C16;218400,0;728,0
2020-03-08;HV2;C17;14750,0;590,0
2020-03-08;HV2;C5;14800,0;592,0
2020-03-08;HV2;C13;14950,0;598,0
2020-03-08;HV2;C8;14875,0;595,0
2020-03-08;HV4;C14;59520,0;744,0
2020-03-08;HV4;C9;61040,0;763,0
2020-03-15;MV3;C2;219600,0;732,0
2020-03-15;HV3;C14;42120,0;702,0
2020-03-15;HV3;C7;41880,0;698,0
2020-03-15;HV3;C6;41160,0;686,0
2020-03-15;MV2;C13;270600,0;902,0
2020-03-15;HV5;C13;36300,0;726,0
2020-03-15;HV5;C16;36400,0;728,0
2020-03-15;HV5;C18;36450,0;729,0
2020-03-15;HV5;C16;35850,0;717,0
2020-03-15;HV3;C10;42240,0;704,0
2020-03-15;HV3;C4;41640,0;694,0
2020-03-15;LV1;C18;1088400,0;907,0
2020-03-15;LV1;C5;1093200,0;911,0
2020-03-15;LV2;C5;1652000,0;826,0
2020-03-15;LV2;C14;1662000,0;831,0
2020-03-15;LV2;C10;1670000,0;835,0
2020-03-15;LV2;C11;1660000,0;830,0
2020-03-15;LV2;C13;1646000,0;823,0
2020-03-15;HV2;C4;14850,0;594,0
2020-03-15;HV2;C17;14975,0;599,0
2020-03-15;HV2;C7;15025,0;601,0
2020-03-15;HV2;C5;15025,0;601,0
2020-03-15;HV2;C1;14950,0;598,0
2020-03-15;HV2;C11;15150,0;606,0
2020-03-15;HV2;C1;14850,0;594,0
2020-03-15;HV2;C12;14775,0;591,0
2020-03-15;LV1;C15;1082400,0;902,0
2020-03-15;HV2;C8;15000,0;600,0
2020-03-15;LV3;C6;643250,0;415,0
2020-03-15;LV3;C18;629300,0;406,0
2020-03-15;LV3;C10;629300,0;406,0
2020-03-15;LV3;C14;630850,0;407,0
2020-03-15;LV3;C7;646350,0;417,0
2020-03-15;LV3;C10;641700,0;414,0
2020-03-15;LV1;C17;1072800,0;894,0
2020-03-15;LV1;C15;1083600,0;903,0
2020-03-15;LV1;C7;1083600,0;903,0
2020-03-15;LV1;C5;1074000,0;895,0
2020-03-15;HV5;C7;36350,0;727,0
2020-03-15;LV1;C6;1077600,0;898,0
2020-03-15;LV1;C11;1077600,0;898,0
2020-03-15;LV2;C16;1650000,0;825,0
2020-03-15;HV1;C12;20500,0;820,0
2020-03-15;LV2;C5;1628000,0;814,0
2020-03-15;HV4;C8;60960,0;762,0
2020-03-15;LV3;C11;624650,0;403,0
2020-03-15;LV3;C6;638600,0;412,0
2020-03-15;LV3;C16;640150,0;413,0
2020-03-15;HV1;C3;20500,0;820,0
2020-03-15;HV1;C7;20475,0;819,0
2020-03-15;HV1;C7;20450,0;818,0
2020-03-15;LV2;C1;1682000,0;841,0
2020-03-15;HV4;C11;59840,0;748,0
2020-03-15;HV4;C13;61120,0;764,0
2020-03-15;MV3;C9;219900,0;733,0
2020-03-15;MV3;C10;215700,0;719,0
2020-03-15;MV3;C10;219900,0;733,0
2020-03-15;LV3;C14;620000,0;400,0
2020-03-15;MV3;C9;219600,0;732,0
2020-03-15;MV3;C10;220200,0;734,0
2020-03-15;MV3;C15;214800,0;716,0
2020-03-22;LV1;C4;1071600,0;893,0
2020-03-22;HV3;C8;41640,0;694,0
2020-03-22;HV3;C11;41100,0;685,0
2020-03-22;HV3;C13;41340,0;689,0
2020-03-22;HV3;C9;41040,0;684,0
2020-03-22;HV3;C18;41220,0;687,0
2020-03-22;LV3;C13;630850,0;407,0
2020-03-22;LV2;C8;1674000,0;837,0
2020-03-22;HV4;C2;60160,0;752,0
2020-03-22;HV3;C13;41220,0;687,0
2020-03-22;LV3;C5;647900,0;418,0
2020-03-22;LV3;C18;647900,0;418,0
2020-03-22;LV3;C12;654100,0;422,0
2020-03-22;LV1;C8;1082400,0;902,0
2020-03-22;LV1;C5;1096800,0;914,0
2020-03-22;MV4;C13;303500,0;607,0
2020-03-22;MV2;C7;274800,0;916,0
2020-03-22;HV3;C14;41040,0;684,0
2020-03-22;HV3;C14;41460,0;691,0
2020-03-22;HV4;C15;61280,0;766,0
2020-03-22;HV4;C11;60240,0;753,0
2020-03-22;HV4;C9;60320,0;754,0
2020-03-22;HV4;C4;60560,0;757,0
2020-03-22;HV4;C9;60960,0;762,0
2020-03-22;HV4;C13;61520,0;769,0
2020-03-22;HV4;C8;59840,0;748,0
2020-03-22;HV3;C7;40980,0;683,0
2020-03-22;LV3;C7;637050,0;411,0
2020-03-22;HV4;C4;60240,0;753,0
2020-03-22;HV2;C16;14875,0;595,0
2020-03-22;MV4;C15;304500,0;609,0
2020-03-22;MV4;C2;305000,0;610,0
2020-03-22;HV3;C9;41640,0;694,0
2020-03-22;HV3;C11;41820,0;697,0
2020-03-22;HV3;C8;41880,0;698,0
2020-03-22;HV4;C14;60080,0;751,0
2020-03-22;HV2;C12;14950,0;598,0
2020-03-22;MV4;C17;303000,0;606,0
2020-03-22;HV2;C2;15075,0;603,0
2020-03-22;MV3;C6;216000,0;720,0
2020-03-22;HV5;C3;36050,0;721,0
2020-03-22;HV5;C9;36650,0;733,0
2020-03-22;HV5;C6;35850,0;717,0
2020-03-22;HV5;C11;36400,0;728,0
2020-03-22;HV5;C17;36250,0;725,0
2020-03-22;HV5;C15;36900,0;738,0
2020-03-22;HV5;C11;35550,0;711,0
2020-03-22;MV4;C8;299000,0;598,0
2020-03-22;MV4;C2;302500,0;605,0
2020-03-22;MV3;C8;220200,0;734,0
2020-03-22;HV2;C1;14900,0;596,0
2020-03-22;MV3;C3;220800,0;736,0
2020-03-22;MV3;C3;220200,0;734,0
2020-03-22;MV3;C15;216600,0;722,0
2020-03-22;MV1;C5;134000,0;536,0
2020-03-22;MV1;C9;133250,0;533,0
2020-03-22;MV1;C12;137750,0;551,0
2020-03-22;MV1;C14;135250,0;541,0
2020-03-22;MV1;C4;135000,0;540,0
2020-03-22;MV1;C3;137500,0;550,0
2020-03-22;MV1;C15;139000,0;556,0
2020-03-22;MV1;C13;136250,0;545,0
2020-03-22;MV1;C18;134000,0;536,0
2020-03-22;MV3;C13;216600,0;722,0
2020-03-22;MV3;C13;220200,0;734,0
2020-03-22;MV3;C9;218700,0;729,0
2020-03-22;HV4;C4;60720,0;759,0
2020-03-22;HV2;C2;14675,0;587,0
2020-03-22;HV2;C8;14725,0;589,0
2020-03-22;LV3;C3;658750,0;425,0
2020-03-22;LV3;C6;652550,0;421,0
2020-03-22;LV3;C1;651000,0;420,0
2020-03-22;LV3;C7;652550,0;421,0
2020-03-22;HV2;C2;15000,0;600,0
2020-03-29;HV4;C7;60080,0;751,0
2020-03-29;HV4;C5;61440,0;768,0
2020-03-29;LV1;C12;1082400,0;902,0
2020-03-29;LV2;C8;1684000,0;842,0
2020-03-29;HV2;C4;14925,0;597,0
2020-03-29;HV4;C14;61360,0;767,0
2020-03-29;HV2;C16;14575,0;583,0
2020-03-29;HV2;C1;14750,0;590,0
2020-03-29;HV2;C8;14800,0;592,0
2020-03-29;HV2;C4;14825,0;593,0
2020-03-29;HV4;C10;59920,0;749,0
2020-03-29;MV3;C1;217500,0;725,0
2020-03-29;LV1;C7;1070400,0;892,0
2020-03-29;MV3;C14;219300,0;731,0
2020-03-29;LV1;C16;1088400,0;907,0
2020-03-29;MV3;C7;215100,0;717,0
2020-03-29;MV3;C7;217800,0;726,0
2020-03-29;MV3;C7;221400,0;738,0
2020-03-29;MV3;C14;217500,0;725,0
2020-03-29;MV3;C2;220200,0;734,0
2020-03-29;MV3;C3;217500,0;725,0
2020-03-29;MV3;C4;214500,0;715,0
2020-03-29;MV3;C15;214200,0;714,0
2020-03-29;MV3;C8;217800,0;726,0
2020-03-29;MV3;C9;219600,0;732,0
2020-03-29;LV1;C3;1087200,0;906,0
2020-03-29;HV4;C8;59680,0;746,0
2020-03-29;MV4;C14;304500,0;609,0
2020-03-29;HV3;C18;41280,0;688,0
2020-03-29;HV1;C16;20625,0;825,0
2020-03-29;HV3;C16;41880,0;698,0
2020-03-29;HV3;C15;41640,0;694,0
2020-03-29;HV3;C16;41040,0;684,0
2020-03-29;HV3;C5;40920,0;682,0
2020-03-29;HV3;C17;40920,0;682,0
2020-03-29;HV3;C10;41520,0;692,0
2020-03-29;HV3;C6;41880,0;698,0
2020-03-29;HV3;C9;41400,0;690,0
2020-03-29;HV1;C18;20625,0;825,0
2020-03-29;HV1;C7;20550,0;822,0
2020-03-29;HV1;C4;20525,0;821,0
2020-03-29;HV1;C8;20500,0;820,0
2020-03-29;HV1;C3;20625,0;825,0
2020-03-29;MV4;C6;306000,0;612,0
2020-03-29;MV4;C11;302500,0;605,0
2020-03-29;MV4;C14;303000,0;606,0
2020-03-29;HV5;C5;35900,0;718,0
2020-03-29;HV5;C18;35700,0;714,0
2020-03-29;HV5;C10;35750,0;715,0
2020-03-29;HV1;C6;20550,0;822,0
2020-03-29;HV1;C6;20675,0;827,0
2020-03-29;HV3;C15;41880,0;698,0
2020-03-29;HV3;C9;41760,0;696,0
2020-03-29;HV1;C14;20675,0;827,0
2020-03-29;MV4;C15;303000,0;606,0
2020-03-29;MV4;C14;305000,0;610,0
2020-03-29;MV4;C11;306500,0;613,0
2020-03-29;MV4;C18;304000,0;608,0
2020-03-29;MV4;C14;304000,0;608,0
2020-03-29;MV4;C13;297500,0;595,0
2020-03-29;MV4;C12;300500,0;601,0
2020-03-29;HV1;C13;20600,0;824,0
2020-03-29;HV1;C9;20600,0;824,0
2020-03-29;HV3;C9;41400,0;690,0
2020-03-29;MV2;C18;274800,0;916,0
2020-03-29;MV2;C7;277200,0;924,0
2020-03-29;MV2;C13;270300,0;901,0
2020-03-29;MV2;C6;276000,0;920,0
2020-03-29;MV2;C6;274800,0;916,0
2020-03-29;MV2;C17;272700,0;909,0
2020-03-29;MV2;C17;278700,0;929,0
2020-03-29;MV2;C2;271200,0;904,0
2020-03-29;MV2;C7;273600,0;912,0
2020-03-29;MV2;C18;278400,0;928,0
2020-03-29;MV4;C6;298500,0;597,0
2020-04-05;MV1;C1;135500,0;542,0
2020-04-05;HV5;C18;36450,0;729,0
2020-04-05;MV1;C8;135750,0;543,0
2020-04-05;HV5;C10;36100,0;722,0
2020-04-05;HV5;C13;36100,0;722,0
2020-04-05;HV1;C12;20600,0;824,0
2020-04-05;LV3;C9;646350,0;417,0
2020-04-05;HV1;C8;20575,0;823,0
2020-04-05;HV1;C14;20650,0;826,0
2020-04-05;HV1;C6;20550,0;822,0
2020-04-05;HV1;C14;20650,0;826,0
2020-04-05;HV1;C16;20525,0;821,0
2020-04-05;HV1;C13;20650,0;826,0
2020-04-05;HV1;C5;20550,0;822,0
2020-04-05;HV1;C5;20650,0;826,0
2020-04-05;HV4;C11;61120,0;764,0
2020-04-05;HV4;C12;60480,0;756,0
2020-04-05;MV1;C17;136500,0;546,0
2020-04-05;HV4;C8;60480,0;756,0
2020-04-05;HV5;C5;36750,0;735,0
2020-04-05;HV4;C16;61120,0;764,0
2020-04-05;HV3;C9;41460,0;691,0
2020-04-05;HV3;C7;41580,0;693,0
2020-04-05;HV3;C3;41040,0;684,0
2020-04-05;HV1;C9;20500,0;820,0
2020-04-05;HV4;C13;59920,0;749,0
2020-04-05;HV4;C13;60560,0;757,0
2020-04-05;HV3;C15;41100,0;685,0
2020-04-05;HV3;C14;41760,0;696,0
2020-04-05;HV3;C6;41880,0;698,0
2020-04-05;HV3;C8;40920,0;682,0
2020-04-05;HV3;C9;41820,0;697,0
2020-04-05;HV3;C1;41640,0;694,0
2020-04-05;HV2;C13;15125,0;605,0
2020-04-05;HV3;C7;41640,0;694,0
2020-04-05;MV1;C15;137500,0;550,0
2020-04-05;MV2;C1;279000,0;930,0
2020-04-05;MV3;C2;217800,0;726,0
2020-04-05;LV1;C13;1075200,0;896,0
2020-04-05;LV1;C15;1075200,0;896,0
2020-04-05;LV1;C6;1068000,0;890,0
2020-04-05;LV1;C2;1095600,0;913,0
2020-04-05;LV1;C18;1093200,0;911,0
2020-04-05;LV1;C18;1088400,0;907,0
2020-04-05;LV1;C9;1081200,0;901,0
2020-04-05;LV1;C5;1068000,0;890,0
2020-04-05;LV1;C4;1090800,0;909,0
2020-04-05;MV3;C8;215700,0;719,0
2020-04-05;MV3;C1;214800,0;716,0
2020-04-05;MV3;C4;221700,0;739,0
2020-04-05;LV2;C14;1660000,0;830,0
2020-04-05;LV2;C3;1690000,0;845,0
2020-04-05;MV2;C7;271200,0;904,0
2020-04-05;LV2;C10;1638000,0;819,0
2020-04-05;MV2;C5;278400,0;928,0
2020-04-05;MV2;C15;274200,0;914,0
2020-04-05;MV4;C6;306500,0;613,0
2020-04-05;MV4;C10;306500,0;613,0
2020-04-05;MV3;C11;219600,0;732,0
2020-04-05;MV3;C8;221400,0;738,0
2020-04-05;MV3;C15;221100,0;737,0
2020-04-05;MV3;C15;214500,0;715,0
2020-04-05;MV3;C18;216900,0;723,0
2020-04-05;MV3;C9;220200,0;734,0
2020-04-05;MV2;C9;278400,0;928,0
2020-04-05;MV2;C14;278100,0;927,0
2020-04-05;MV2;C7;273900,0;913,0
2020-04-05;MV2;C10;276600,0;922,0
2020-04-05;MV2;C15;273300,0;911,0
2020-04-05;MV2;C7;277800,0;926,0
2020-04-05;MV2;C2;278700,0;929,0
2020-04-05;MV2;C2;279600,0;932,0
2020-04-05;LV2;C6;1662000,0;831,0
2020-04-05;LV1;C10;1089600,0;908,0
2020-04-05;LV2;C11;1636000,0;818,0
2020-04-05;LV2;C12;1660000,0;830,0
2020-04-05;LV2;C14;1688000,0;844,0
2020-04-05;LV2;C13;1634000,0;817,0
2020-04-12;MV3;C6;214800,0;716,0
2020-04-12;LV3;C8;640150,0;413,0
2020-04-12;LV3;C2;640150,0;413,0
2020-04-12;LV3;C2;627750,0;405,0
2020-04-12;LV3;C11;643250,0;415,0
2020-04-12;LV3;C8;637050,0;411,0
2020-04-12;LV3;C18;658750,0;425,0
2020-04-12;MV3;C18;215400,0;718,0
2020-04-12;HV1;C12;20625,0;825,0
2020-04-12;MV3;C14;218700,0;729,0
2020-04-12;LV3;C2;658750,0;425,0
2020-04-12;MV1;C10;137500,0;550,0
2020-04-12;MV1;C13;139000,0;556,0
2020-04-12;HV3;C2;41400,0;690,0
2020-04-12;MV2;C11;274800,0;916,0
2020-04-12;MV2;C16;273300,0;911,0
2020-04-12;MV2;C9;271500,0;905,0
2020-04-12;MV2;C17;275400,0;918,0
2020-04-12;MV2;C2;277800,0;926,0
2020-04-12;MV2;C17;271800,0;906,0
2020-04-12;MV1;C10;139500,0;558,0
2020-04-12;HV1;C11;20575,0;823,0
2020-04-12;MV4;C7;310500,0;621,0
2020-04-12;MV2;C2;278100,0;927,0
2020-04-12;HV4;C15;60720,0;759,0
2020-04-12;HV4;C2;60960,0;762,0
2020-04-12;HV4;C10;60640,0;758,0
2020-04-12;HV4;C10;60000,0;750,0
2020-04-12;HV4;C5;60640,0;758,0
2020-04-12;HV4;C2;61040,0;763,0
2020-04-12;HV4;C14;60160,0;752,0
2020-04-12;MV3;C3;215100,0;717,0
2020-04-12;MV3;C14;215100,0;717,0
2020-04-12;MV4;C5;309000,0;618,0
2020-04-12;MV3;C1;220500,0;735,0
2020-04-12;HV1;C3;20675,0;827,0
2020-04-12;HV1;C2;20625,0;825,0
2020-04-12;MV4;C3;310500,0;621,0
2020-04-12;MV4;C2;305500,0;611,0
2020-04-12;MV4;C3;311000,0;622,0
2020-04-12;MV4;C11;305000,0;610,0
2020-04-12;MV4;C9;303000,0;606,0
2020-04-12;MV4;C9;303500,0;607,0
2020-04-12;MV4;C16;311000,0;622,0
2020-04-12;MV3;C10;217800,0;726,0
2020-04-12;MV4;C17;306500,0;613,0
2020-04-12;MV1;C5;135000,0;540,0
2020-04-12;MV1;C13;139000,0;556,0
2020-04-12;LV1;C7;1064400,0;887,0
2020-04-12;LV1;C14;1076400,0;897,0
2020-04-12;LV2;C11;1662000,0;831,0
2020-04-12;LV2;C17;1672000,0;836,0
2020-04-12;LV2;C4;1682000,0;841,0
2020-04-12;HV5;C14;37550,0;751,0
2020-04-12;HV5;C1;36300,0;726,0
2020-04-12;HV5;C6;36550,0;731,0
2020-04-12;HV5;C5;37150,0;743,0
2020-04-12;LV1;C14;1084800,0;904,0
2020-04-12;HV5;C3;37150,0;743,0
2020-04-12;HV5;C9;37550,0;751,0
2020-04-12;HV2;C9;14925,0;597,0
2020-04-12;HV2;C4;15050,0;602,0
2020-04-12;HV2;C3;14925,0;597,0
2020-04-12;HV2;C16;15200,0;608,0
2020-04-12;HV2;C6;14825,0;593,0
2020-04-12;HV2;C7;15075,0;603,0
2020-04-12;HV2;C4;14975,0;599,0
2020-04-12;HV2;C12;15025,0;601,0
2020-04-12;HV5;C10;36100,0;722,0
2020-04-12;MV2;C6;274500,0;915,0
2020-04-12;LV1;C6;1086000,0;905,0
2020-04-12;LV2;C6;1678000,0;839,0
2020-04-12;HV1;C18;20525,0;821,0
2020-04-12;HV1;C11;20725,0;829,0
2020-04-12;HV1;C5;20575,0;823,0
2020-04-12;LV2;C1;1684000,0;842,0
2020-04-12;HV3;C8;40800,0;680,0
2020-04-12;HV3;C5;41640,0;694,0
2020-04-12;HV1;C1;20625,0;825,0
2020-04-12;MV1;C1;135000,0;540,0
2020-04-12;MV1;C13;135500,0;542,0
2020-04-12;HV5;C13;36650,0;733,0
2020-04-12;HV5;C18;36950,0;739,0
2020-04-12;HV5;C13;36600,0;732,0
2020-04-12;HV5;C7;36850,0;737,0
2020-04-12;HV5;C8;37150,0;743,0
2020-04-12;HV1;C2;20675,0;827,0
2020-04-12;HV1;C3;20700,0;828,0
2020-04-19;HV4;C16;61680,0;771,0
2020-04-19;HV5;C14;37150,0;743,0
2020-04-19;HV5;C8;37550,0;751,0
2020-04-19;HV5;C1;37550,0;751,0
2020-04-19;HV5;C6;37250,0;745,0
2020-04-19;HV4;C18;61840,0;773,0
2020-04-19;HV5;C2;37000,0;740,0
2020-04-19;HV4;C4;61360,0;767,0
2020-04-19;MV1;C13;134500,0;538,0
2020-04-19;HV4;C2;60560,0;757,0
2020-04-19;HV2;C3;15250,0;610,0
2020-04-19;HV2;C8;15125,0;605,0
2020-04-19;HV2;C8;14825,0;593,0
2020-04-19;HV2;C13;14775,0;591,0
2020-04-19;HV2;C3;14875,0;595,0
2020-04-19;LV2;C14;1660000,0;830,0
2020-04-19;LV2;C16;1674000,0;837,0
2020-04-19;LV2;C3;1642000,0;821,0
2020-04-19;LV2;C9;1692000,0;846,0
2020-04-19;LV2;C4;1696000,0;848,0
2020-04-19;LV2;C18;1656000,0;828,0
2020-04-19;HV1;C4;20650,0;826,0
2020-04-19;HV1;C17;20575,0;823,0
2020-04-19;HV1;C7;20775,0;831,0
2020-04-19;HV1;C6;20575,0;823,0
2020-04-19;HV2;C15;15125,0;605,0
2020-04-19;HV4;C17;60400,0;755,0
2020-04-19;HV2;C6;14950,0;598,0
2020-04-19;HV2;C4;15075,0;603,0
2020-04-19;HV4;C18;60480,0;756,0
2020-04-19;HV4;C16;59920,0;749,0
2020-04-19;MV3;C13;215700,0;719,0
2020-04-19;MV3;C11;219900,0;733,0
2020-04-19;MV4;C10;311000,0;622,0
2020-04-19;MV4;C3;304500,0;609,0
2020-04-19;MV4;C13;309000,0;618,0
2020-04-19;MV1;C8;138500,0;554,0
2020-04-19;HV3;C14;41100,0;685,0
2020-04-19;HV3;C14;41220,0;687,0
2020-04-19;HV3;C3;41160,0;686,0
2020-04-19;HV3;C8;41700,0;695,0
2020-04-19;HV5;C1;37150,0;743,0
2020-04-19;MV4;C8;303000,0;606,0
2020-04-19;LV1;C12;1065600,0;888,0
2020-04-19;HV2;C14;15175,0;607,0
2020-04-19;HV5;C13;36300,0;726,0
2020-04-19;MV1;C6;138500,0;554,0
2020-04-19;MV1;C10;137250,0;549,0
2020-04-19;MV1;C15;134750,0;539,0
2020-04-19;MV1;C2;139500,0;558,0
2020-04-19;MV1;C1;138500,0;554,0
2020-04-19;MV1;C6;134750,0;539,0
2020-04-19;MV2;C2;278700,0;929,0
2020-04-19;MV2;C11;273000,0;910,0
2020-04-26;HV5;C2;37300,0;746,0
2020-04-26;LV1;C9;1090800,0;909,0
2020-04-26;LV2;C13;1684000,0;842,0
2020-04-26;LV2;C8;1684000,0;842,0
2020-04-26;LV2;C12;1692000,0;846,0
2020-04-26;LV2;C4;1688000,0;844,0
2020-04-26;LV1;C2;1080000,0;900,0
2020-04-26;LV1;C14;1087200,0;906,0
2020-04-26;LV1;C9;1081200,0;901,0
2020-04-26;LV1;C14;1090800,0;909,0
2020-04-26;LV1;C8;1084800,0;904,0
2020-04-26;LV1;C14;1068000,0;890,0
2020-04-26;LV1;C3;1063200,0;886,0
2020-04-26;HV1;C2;20675,0;827,0
2020-04-26;HV1;C16;20650,0;826,0
2020-04-26;HV1;C9;20625,0;825,0
2020-04-26;MV1;C13;140000,0;560,0
2020-04-26;MV1;C9;138250,0;553,0
2020-04-26;MV1;C4;140500,0;562,0
2020-04-26;MV1;C12;139000,0;556,0
2020-04-26;LV1;C8;1062000,0;885,0
2020-04-26;LV1;C9;1066800,0;889,0
2020-04-26;LV3;C15;658750,0;425,0
2020-04-26;LV3;C8;657200,0;424,0
2020-04-26;HV2;C8;14750,0;590,0
2020-04-26;HV2;C16;14925,0;597,0
2020-04-26;HV2;C7;15200,0;608,0
2020-04-26;HV2;C13;14750,0;590,0
2020-04-26;HV2;C1;15225,0;609,0
2020-04-26;HV2;C9;14750,0;590,0
2020-04-26;HV2;C1;15175,0;607,0
2020-04-26;HV2;C18;15075,0;603,0
2020-04-26;HV4;C4;61600,0;770,0
2020-04-26;HV4;C1;61440,0;768,0
2020-04-26;HV4;C8;60560,0;757,0
2020-04-26;MV1;C6;140500,0;562,0
2020-04-26;HV4;C5;60800,0;760,0
2020-04-26;HV4;C17;60400,0;755,0
2020-04-26;HV4;C8;60480,0;756,0
2020-04-26;HV4;C1;60240,0;753,0
2020-04-26;HV4;C18;61760,0;772,0
2020-04-26;HV4;C7;61600,0;770,0
2020-04-26;HV4;C18;61920,0;774,0
2020-04-26;HV4;C12;61120,0;764,0
2020-04-26;LV3;C14;632400,0;408,0
2020-04-26;LV3;C7;644800,0;416,0
2020-04-26;LV3;C14;644800,0;416,0
2020-04-26;LV3;C8;638600,0;412,0
2020-04-26;HV4;C16;61280,0;766,0
2020-04-26;MV1;C11;134750,0;539,0
2020-04-26;MV1;C13;140250,0;561,0
2020-04-26;MV1;C1;135500,0;542,0
2020-04-26;MV4;C12;311000,0;622,0
2020-04-26;MV4;C18;304500,0;609,0
2020-04-26;MV4;C15;303500,0;607,0
2020-04-26;MV2;C1;278400,0;928,0
2020-04-26;MV2;C2;276600,0;922,0
2020-04-26;MV2;C3;277800,0;926,0
2020-04-26;HV3;C5;41520,0;692,0
2020-04-26;MV1;C9;140000,0;560,0
2020-04-26;MV4;C2;308500,0;617,0
2020-04-26;HV3;C15;41040,0;684,0
2020-04-26;HV3;C16;41040,0;684,0
2020-04-26;HV3;C12;41040,0;684,0
2020-04-26;HV3;C15;41160,0;686,0
2020-04-26;HV3;C11;40560,0;676,0
2020-04-26;HV3;C16;41520,0;692,0
2020-04-26;HV5;C12;36450,0;729,0
2020-04-26;HV5;C9;37250,0;745,0
2020-04-26;HV5;C8;36350,0;727,0
2020-04-26;HV3;C8;40680,0;678,0
2020-04-26;MV4;C2;305000,0;610,0
2020-04-26;HV3;C10;40800,0;680,0
2020-04-26;MV4;C16;309000,0;618,0
2020-04-26;LV1;C9;1065600,0;888,0
2020-04-26;MV3;C1;217200,0;724,0
2020-04-26;MV3;C9;222000,0;740,0
2020-04-26;MV3;C14;220500,0;735,0
2020-04-26;MV3;C8;222300,0;741,0
2020-04-26;HV5;C9;36300,0;726,0
2020-04-26;MV4;C6;310000,0;620,0
2020-05-03;HV4;C3;61360,0;767,0
2020-05-03;HV4;C5;60400,0;755,0
2020-05-03;HV4;C9;60480,0;756,0
2020-05-03;HV4;C5;61920,0;774,0
2020-05-03;HV3;C1;40620,0;677,0
2020-05-03;HV3;C9;41220,0;687,0
2020-05-03;HV3;C6;41580,0;693,0
2020-05-03;HV3;C14;40560,0;676,0
2020-05-03;MV2;C3;278700,0;929,0
2020-05-03;HV2;C10;14725,0;589,0
2020-05-03;HV4;C6;61440,0;768,0
2020-05-03;HV4;C6;60640,0;758,0
2020-05-03;HV4;C16;60080,0;751,0
2020-05-03;HV4;C14;61840,0;773,0
2020-05-03;HV4;C9;62000,0;775,0
2020-05-03;HV4;C8;60480,0;756,0
2020-05-03;LV1;C17;1066800,0;889,0
2020-05-03;MV4;C10;306500,0;613,0
2020-05-03;MV4;C14;312500,0;625,0
2020-05-03;MV4;C6;307500,0;615,0
2020-05-03;MV4;C15;307500,0;615,0
2020-05-03;MV4;C15;307500,0;615,0
2020-05-03;MV4;C13;312000,0;624,0
2020-05-03;MV4;C4;304500,0;609,0
2020-05-03;MV4;C15;312500,0;625,0
2020-05-03;MV4;C10;312000,0;624,0
2020-05-03;MV4;C16;310500,0;621,0
2020-05-03;MV4;C10;306000,0;612,0
2020-05-03;HV3;C6;40560,0;676,0
2020-05-03;HV3;C9;40440,0;674,0
2020-05-03;HV3;C12;41580,0;693,0
2020-05-03;HV4;C16;60320,0;754,0
2020-05-03;MV2;C7;274800,0;916,0
2020-05-03;HV2;C18;15100,0;604,0
2020-05-03;HV2;C5;15125,0;605,0
2020-05-03;MV1;C8;138750,0;555,0
2020-05-03;MV1;C14;139000,0;556,0
2020-05-03;MV1;C10;140500,0;562,0
2020-05-03;MV1;C10;136500,0;546,0
2020-05-03;MV1;C8;134750,0;539,0
2020-05-03;MV1;C7;140000,0;560,0
2020-05-03;MV1;C6;140750,0;563,0
2020-05-03;MV1;C10;139000,0;556,0
2020-05-03;MV1;C13;139250,0;557,0
2020-05-03;LV2;C3;1654000,0;827,0
2020-05-03;LV2;C18;1686000,0;843,0
2020-05-03;LV2;C17;1658000,0;829,0
2020-05-03;LV2;C11;1658000,0;829,0
2020-05-03;HV1;C18;20750,0;830,0
2020-05-03;LV2;C2;1690000,0;845,0
2020-05-03;LV2;C17;1688000,0;844,0
2020-05-03;LV2;C1;1694000,0;847,0
2020-05-03;MV1;C12;137500,0;550,0
2020-05-03;LV3;C5;637050,0;411,0
2020-05-03;HV2;C6;14825,0;593,0
2020-05-03;MV2;C1;279900,0;933,0
2020-05-03;HV2;C10;14850,0;594,0
2020-05-03;MV2;C8;276600,0;922,0
2020-05-03;MV2;C3;279000,0;930,0
2020-05-03;MV2;C16;279900,0;933,0
2020-05-03;MV2;C8;278100,0;927,0
2020-05-03;HV2;C11;14875,0;595,0
2020-05-03;MV2;C9;277200,0;924,0
2020-05-03;MV2;C14;275700,0;919,0
2020-05-03;MV2;C13;277500,0;925,0
2020-05-03;MV2;C18;276000,0;920,0
2020-05-10;HV5;C2;37250,0;745,0
2020-05-10;HV5;C13;37550,0;751,0
2020-05-10;HV5;C4;37800,0;756,0
2020-05-10;HV5;C14;37400,0;748,0
2020-05-10;LV2;C5;1680000,0;840,0
2020-05-10;LV2;C2;1704000,0;852,0
2020-05-10;LV2;C10;1666000,0;833,0
2020-05-10;MV4;C11;311500,0;623,0
2020-05-10;MV4;C5;310000,0;620,0
2020-05-10;MV4;C13;305000,0;610,0
2020-05-10;MV4;C13;311500,0;623,0
2020-05-10;MV4;C3;311000,0;622,0
2020-05-10;LV2;C1;1666000,0;833,0
2020-05-10;LV2;C18;1684000,0;842,0
2020-05-10;HV5;C8;37800,0;756,0
2020-05-10;HV5;C2;37600,0;752,0
2020-05-10;MV2;C7;275400,0;918,0
2020-05-10;MV2;C18;272700,0;909,0
2020-05-10;MV2;C10;280800,0;936,0
2020-05-10;HV3;C10;40680,0;678,0
2020-05-10;HV3;C1;40800,0;680,0
2020-05-10;HV3;C10;40920,0;682,0
2020-05-10;HV3;C6;40320,0;672,0
2020-05-10;HV3;C10;40680,0;678,0
2020-05-10;HV3;C9;41040,0;684,0
2020-05-10;MV4;C11;307000,0;614,0
2020-05-10;HV5;C10;36650,0;733,0
2020-05-10;HV5;C8;36950,0;739,0
2020-05-10;MV2;C1;276600,0;922,0
2020-05-10;LV2;C6;1646000,0;823,0
2020-05-10;MV3;C16;216300,0;721,0
2020-05-10;HV2;C18;14900,0;596,0
2020-05-10;HV2;C16;15150,0;606,0
2020-05-10;HV2;C15;15175,0;607,0
2020-05-10;HV2;C1;14950,0;598,0
2020-05-10;HV2;C9;14975,0;599,0
2020-05-10;HV5;C4;37750,0;755,0
2020-05-10;HV4;C14;61120,0;764,0
2020-05-10;MV1;C4;137750,0;551,0
2020-05-10;MV1;C14;137750,0;551,0
2020-05-10;MV1;C2;139500,0;558,0
2020-05-10;MV1;C11;140250,0;561,0
2020-05-10;LV2;C1;1668000,0;834,0
2020-05-10;MV1;C2;139500,0;558,0
2020-05-10;LV3;C3;646350,0;417,0
2020-05-10;LV3;C7;635500,0;410,0
2020-05-10;MV1;C2;140250,0;561,0
2020-05-10;LV1;C17;1078800,0;899,0
2020-05-10;MV3;C16;216300,0;721,0
2020-05-10;MV3;C10;220200,0;734,0
2020-05-10;MV3;C9;218700,0;729,0
2020-05-10;MV3;C17;217500,0;725,0
2020-05-10;MV3;C6;222300,0;741,0
2020-05-10;LV2;C6;1670000,0;835,0
2020-05-10;LV2;C1;1660000,0;830,0
2020-05-10;LV1;C2;1086000,0;905,0
2020-05-10;HV5;C11;37300,0;746,0
2020-05-10;HV5;C16;36650,0;733,0
2020-05-10;LV1;C9;1077600,0;898,0
2020-05-10;LV1;C17;1068000,0;890,0
2020-05-10;LV1;C17;1086000,0;905,0
2020-05-10;LV1;C16;1062000,0;885,0
2020-05-17;HV3;C6;40260,0;671,0
2020-05-17;HV3;C3;40740,0;679,0
2020-05-17;HV3;C5;40980,0;683,0
2020-05-17;HV3;C7;40920,0;682,0
2020-05-17;HV3;C9;41040,0;684,0
2020-05-17;HV3;C10;41280,0;688,0
2020-05-17;HV3;C8;40740,0;679,0
2020-05-17;MV4;C17;308500,0;617,0
2020-05-17;LV2;C17;1672000,0;836,0
2020-05-17;LV1;C14;1076400,0;897,0
2020-05-17;LV1;C6;1071600,0;893,0
2020-05-17;LV1;C9;1065600,0;888,0
2020-05-17;LV1;C18;1065600,0;888,0
2020-05-17;LV1;C5;1082400,0;902,0
2020-05-17;LV1;C1;1086000,0;905,0
2020-05-17;MV1;C10;138000,0;552,0
2020-05-17;HV1;C13;20775,0;831,0
2020-05-17;LV2;C7;1664000,0;832,0
2020-05-17;LV2;C16;1676000,0;838,0
2020-05-17;LV2;C8;1662000,0;831,0
2020-05-17;LV2;C5;1680000,0;840,0
2020-05-17;LV2;C10;1650000,0;825,0
2020-05-17;LV2;C12;1676000,0;838,0
2020-05-17;LV2;C5;1668000,0;834,0
2020-05-17;LV2;C3;1702000,0;851,0
2020-05-17;LV2;C1;1686000,0;843,0
2020-05-17;LV2;C7;1704000,0;852,0
2020-05-17;LV3;C6;643250,0;415,0
2020-05-17;MV4;C14;312500,0;625,0
2020-05-17;LV3;C11;644800,0;416,0
2020-05-17;HV5;C10;37500,0;750,0
2020-05-17;MV2;C13;279600,0;932,0
2020-05-17;MV2;C14;276000,0;920,0
2020-05-17;HV5;C8;37250,0;745,0
2020-05-17;HV5;C8;37450,0;749,0
2020-05-17;HV5;C8;36650,0;733,0
2020-05-17;HV5;C10;37250,0;745,0
2020-05-17;MV3;C9;223200,0;744,0
2020-05-17;LV3;C14;660300,0;426,0
2020-05-17;LV3;C11;655650,0;423,0
2020-05-17;LV3;C9;637050,0;411,0
2020-05-17;LV3;C4;640150,0;413,0
2020-05-17;HV5;C6;36450,0;729,0
2020-05-17;LV3;C8;658750,0;425,0
2020-05-17;MV3;C12;222000,0;740,0
2020-05-17;MV3;C10;219900,0;733,0
2020-05-17;MV3;C1;218700,0;729,0
2020-05-17;MV3;C4;221400,0;738,0
2020-05-17;HV5;C7;37300,0;746,0
2020-05-17;HV4;C15;61360,0;767,0
2020-05-17;HV5;C7;37700,0;754,0
2020-05-17;HV5;C17;36850,0;737,0
2020-05-17;LV3;C10;654100,0;422,0
2020-05-17;MV3;C16;220800,0;736,0
2020-05-17;HV5;C6;36600,0;732,0
2020-05-24;MV1;C10;137500,0;550,0
2020-05-24;HV1;C16;20725,0;829,0
2020-05-24;HV1;C10;20875,0;835,0
2020-05-24;LV3;C4;661850,0;427,0
2020-05-24;LV2;C9;1656000,0;828,0
2020-05-24;MV4;C13;307500,0;615,0
2020-05-24;MV4;C12;313500,0;627,0
2020-05-24;MV4;C11;308500,0;617,0
2020-05-24;HV1;C8;20700,0;828,0
2020-05-24;MV4;C3;309500,0;619,0
2020-05-24;MV4;C3;304500,0;609,0
2020-05-24;MV3;C2;217200,0;724,0
2020-05-24;MV3;C12;219000,0;730,0
2020-05-24;MV3;C1;222600,0;742,0
2020-05-24;MV3;C18;222000,0;740,0
2020-05-24;MV3;C13;219000,0;730,0
2020-05-24;MV3;C3;223500,0;745,0
2020-05-24;MV3;C6;219600,0;732,0
2020-05-24;LV2;C15;1704000,0;852,0
2020-05-24;HV1;C1;20875,0;835,0
2020-05-24;HV5;C13;36500,0;730,0
2020-05-24;HV1;C6;20850,0;834,0
2020-05-24;HV5;C12;37850,0;757,0
2020-05-24;HV5;C11;37650,0;753,0
2020-05-24;LV1;C12;1057200,0;881,0
2020-05-24;LV1;C8;1082400,0;902,0
2020-05-24;LV1;C14;1058400,0;882,0
2020-05-24;LV1;C11;1078800,0;899,0
2020-05-24;HV5;C6;37650,0;753,0
2020-05-24;LV1;C13;1059600,0;883,0
2020-05-24;LV1;C7;1077600,0;898,0
2020-05-24;LV1;C3;1063200,0;886,0
2020-05-24;LV1;C13;1065600,0;888,0
2020-05-24;LV1;C3;1081200,0;901,0
2020-05-24;LV1;C12;1075200,0;896,0
2020-05-24;LV1;C17;1059600,0;883,0
2020-05-24;LV1;C2;1063200,0;886,0
2020-05-24;HV1;C11;20875,0;835,0
2020-05-24;HV5;C4;37900,0;758,0
2020-05-24;HV5;C13;37350,0;747,0
2020-05-24;HV1;C8;20900,0;836,0
2020-05-24;HV1;C15;20675,0;827,0
2020-05-24;HV1;C17;20700,0;828,0
2020-05-24;HV5;C13;37750,0;755,0
2020-05-24;MV3;C4;222600,0;742,0
2020-05-24;HV1;C7;20700,0;828,0
2020-05-24;HV5;C5;37050,0;741,0
2020-05-24;HV1;C10;20850,0;834,0
2020-05-24;HV2;C18;15100,0;604,0
2020-05-24;HV2;C11;14725,0;589,0
2020-05-24;HV4;C8;62080,0;776,0
2020-05-24;HV5;C8;36950,0;739,0
2020-05-24;HV5;C11;37750,0;755,0
2020-05-24;HV5;C1;36500,0;730,0
2020-05-24;HV2;C6;14825,0;593,0
2020-05-24;MV3;C16;221100,0;737,0
2020-05-24;MV1;C3;140250,0;561,0
2020-05-24;MV3;C1;223500,0;745,0
2020-05-24;MV3;C13;223800,0;746,0
2020-05-24;HV3;C17;40320,0;672,0
2020-05-24;HV3;C4;40800,0;680,0
2020-05-24;HV3;C16;40440,0;674,0
2020-05-24;LV2;C17;1706000,0;853,0
2020-05-24;HV3;C7;40560,0;676,0
2020-05-24;MV3;C1;223200,0;744,0
2020-05-31;HV4;C15;62160,0;777,0
2020-05-31;HV3;C13;41100,0;685,0
2020-05-31;HV3;C4;40500,0;675,0
2020-05-31;HV2;C14;14950,0;598,0
2020-05-31;HV2;C14;14900,0;596,0
2020-05-31;HV1;C2;20800,0;832,0
2020-05-31;HV1;C9;20825,0;833,0
2020-05-31;LV3;C8;658750,0;425,0
2020-05-31;HV5;C14;37750,0;755,0
2020-05-31;HV5;C13;37200,0;744,0
2020-05-31;HV5;C8;37150,0;743,0
2020-05-31;HV5;C8;37250,0;745,0
2020-05-31;LV2;C11;1688000,0;844,0
2020-05-31;LV2;C7;1674000,0;837,0
2020-05-31;LV2;C10;1688000,0;844,0
2020-05-31;LV2;C14;1670000,0;835,0
2020-05-31;LV2;C14;1674000,0;837,0
2020-05-31;HV4;C11;62240,0;778,0
2020-05-31;HV4;C5;60560,0;757,0
2020-05-31;HV4;C10;61040,0;763,0
2020-05-31;HV4;C12;62320,0;779,0
2020-05-31;LV3;C17;663400,0;428,0
2020-05-31;LV1;C6;1057200,0;881,0
2020-05-31;LV1;C15;1077600,0;898,0
2020-05-31;LV1;C8;1064400,0;887,0
2020-05-31;LV3;C14;660300,0;426,0
2020-05-31;LV3;C13;640150,0;413,0
2020-05-31;LV3;C6;658750,0;425,0
2020-05-31;LV3;C13;637050,0;411,0
2020-05-31;MV1;C12;138750,0;555,0
2020-05-31;MV1;C16;137500,0;550,0
2020-05-31;LV2;C11;1666000,0;833,0
2020-05-31;MV1;C12;137750,0;551,0
2020-05-31;MV1;C5;139250,0;557,0
2020-05-31;HV3;C2;40440,0;674,0
2020-05-31;HV3;C2;40500,0;675,0
2020-05-31;HV3;C14;40800,0;680,0
2020-05-31;HV3;C14;40380,0;673,0
2020-05-31;HV3;C4;41100,0;685,0
2020-05-31;HV3;C11;40380,0;673,0
2020-05-31;HV3;C15;40140,0;669,0
2020-05-31;HV3;C2;40440,0;674,0
2020-05-31;HV4;C9;61040,0;763,0
2020-05-31;MV1;C2;138500,0;554,0
2020-05-31;LV2;C6;1686000,0;843,0
2020-05-31;HV1;C17;20700,0;828,0
2020-05-31;MV2;C11;276300,0;921,0
2020-05-31;MV2;C10;278700,0;929,0
2020-05-31;MV2;C9;282600,0;942,0
2020-05-31;MV4;C15;311500,0;623,0
2020-05-31;MV3;C18;218700,0;729,0
2020-05-31;MV2;C1;276600,0;922,0
2020-05-31;MV3;C18;217500,0;725,0
2020-05-31;MV4;C8;308000,0;616,0
2020-05-31;MV3;C1;221700,0;739,0
2020-05-31;MV4;C16;313000,0;626,0
2020-05-31;MV3;C4;220500,0;735,0
2020-05-31;MV2;C7;278100,0;927,0
2020-05-31;MV2;C16;279000,0;930,0
2020-05-31;MV2;C4;279300,0;931,0
2020-05-31;MV4;C18;311000,0;622,0
2020-05-31;MV3;C1;221700,0;739,0
2020-05-31;MV2;C9;275400,0;918,0
2020-05-31;MV4;C6;306500,0;613,0
2020-05-31;MV4;C2;312500,0;625,0
2020-05-31;MV3;C18;221100,0;737,0
2020-05-31;LV2;C15;1656000,0;828,0
2020-05-31;MV3;C12;221100,0;737,0
2020-05-31;MV3;C16;219600,0;732,0
2020-05-31;LV2;C17;1712000,0;856,0
2020-05-31;LV2;C7;1704000,0;852,0
2020-05-31;MV4;C8;314500,0;629,0
2020-05-31;MV3;C14;223800,0;746,0
2020-05-31;MV3;C14;219300,0;731,0
2020-05-31;MV4;C17;307500,0;615,0
2020-05-31;MV3;C11;223500,0;745,0
2020-06-07;MV3;C4;224100,0;747,0
2020-06-07;HV4;C13;62000,0;775,0
2020-06-07;HV4;C14;61280,0;766,0
2020-06-07;MV3;C8;224400,0;748,0
2020-06-07;HV4;C12;61600,0;770,0
2020-06-07;MV4;C10;306000,0;612,0
2020-06-07;MV4;C4;314000,0;628,0
2020-06-07;MV4;C17;306500,0;613,0
2020-06-07;MV3;C3;220200,0;734,0
2020-06-07;MV3;C7;222000,0;740,0
2020-06-07;MV3;C6;223200,0;744,0
2020-06-07;HV3;C18;40440,0;674,0
2020-06-07;MV1;C1;140000,0;560,0
2020-06-07;MV1;C7;136500,0;546,0
2020-06-07;MV1;C3;142500,0;570,0
2020-06-07;MV1;C6;141000,0;564,0
2020-06-07;MV1;C18;137500,0;550,0
2020-06-07;MV1;C15;137000,0;548,0
2020-06-07;HV4;C18;60480,0;756,0
2020-06-07;MV1;C14;141000,0;564,0
2020-06-07;MV1;C10;140000,0;560,0
2020-06-07;MV1;C6;136500,0;546,0
2020-06-07;HV3;C5;40920,0;682,0
2020-06-07;HV3;C2;40320,0;672,0
2020-06-07;MV3;C9;222300,0;741,0
2020-06-07;MV3;C16;222900,0;743,0
2020-06-07;MV3;C7;219000,0;730,0
2020-06-07;MV1;C12;140500,0;562,0
2020-06-07;MV3;C4;221400,0;738,0
2020-06-07;HV3;C16;40800,0;680,0
2020-06-07;HV2;C18;14800,0;592,0
2020-06-07;LV3;C11;651000,0;420,0
2020-06-07;LV2;C15;1682000,0;841,0
2020-06-07;LV2;C9;1702000,0;851,0
2020-06-07;LV2;C15;1686000,0;843,0
2020-06-07;HV5;C2;37900,0;758,0
2020-06-07;HV5;C10;37050,0;741,0
2020-06-07;HV5;C13;37400,0;748,0
2020-06-07;HV5;C14;36750,0;735,0
2020-06-07;LV3;C17;669600,0;432,0
2020-06-07;HV5;C7;37900,0;758,0
2020-06-07;HV5;C1;37950,0;759,0
2020-06-07;LV2;C13;1702000,0;851,0
2020-06-07;LV2;C7;1662000,0;831,0
2020-06-07;LV2;C13;1700000,0;850,0
2020-06-07;LV2;C6;1656000,0;828,0
2020-06-07;MV2;C15;277500,0;925,0
2020-06-07;MV3;C10;220800,0;736,0
2020-06-07;LV1;C5;1057200,0;881,0
2020-06-07;HV5;C16;37300,0;746,0
2020-06-07;LV3;C8;643250,0;415,0
2020-06-07;LV3;C11;663400,0;428,0
2020-06-07;LV3;C6;661850,0;427,0
2020-06-07;LV2;C18;1660000,0;830,0
2020-06-07;HV1;C6;20875,0;835,0
2020-06-07;HV1;C8;20800,0;832,0
2020-06-07;HV1;C10;20725,0;829,0
2020-06-07;HV1;C1;20750,0;830,0
2020-06-07;HV1;C7;20850,0;834,0
2020-06-07;HV1;C9;20750,0;830,0
2020-06-07;MV3;C3;221700,0;739,0
2020-06-07;MV3;C5;223800,0;746,0
2020-06-07;HV2;C18;14725,0;589,0
2020-06-07;HV3;C7;40920,0;682,0
2020-06-07;HV3;C1;40560,0;676,0
2020-06-07;HV3;C12;40320,0;672,0
2020-06-14;LV2;C16;1688000,0;844,0
2020-06-14;LV2;C16;1718000,0;859,0
2020-06-14;LV2;C5;1674000,0;837,0
2020-06-14;LV2;C11;1666000,0;833,0
2020-06-14;LV2;C2;1690000,0;845,0
2020-06-14;LV2;C9;1662000,0;831,0
2020-06-14;LV2;C15;1710000,0;855,0
2020-06-14;LV2;C17;1692000,0;846,0
2020-06-14;MV2;C17;279600,0;932,0
2020-06-14;LV2;C13;1668000,0;834,0
2020-06-14;MV2;C17;283200,0;944,0
2020-06-14;MV2;C15;275100,0;917,0
2020-06-14;MV2;C15;283200,0;944,0
2020-06-14;MV2;C17;276000,0;920,0
2020-06-14;LV2;C11;1692000,0;846,0
2020-06-14;HV1;C13;21000,0;840,0
2020-06-14;HV1;C2;20875,0;835,0
2020-06-14;HV1;C15;21000,0;840,0
2020-06-14;HV1;C3;20850,0;834,0
2020-06-14;HV1;C15;20825,0;833,0
2020-06-14;HV1;C5;20850,0;834,0
2020-06-14;HV1;C3;20975,0;839,0
2020-06-14;HV1;C5;20975,0;839,0
2020-06-14;HV1;C1;20825,0;833,0
2020-06-14;HV1;C3;20925,0;837,0
2020-06-14;HV1;C5;21000,0;840,0
2020-06-14;HV1;C8;20800,0;832,0
2020-06-14;LV2;C16;1702000,0;851,0
2020-06-14;MV2;C14;282300,0;941,0
2020-06-14;HV3;C11;40560,0;676,0
2020-06-14;MV1;C12;138500,0;554,0
2020-06-14;MV4;C1;312500,0;625,0
2020-06-14;MV4;C14;314000,0;628,0
2020-06-14;HV5;C8;37100,0;742,0
2020-06-14;MV1;C6;137500,0;550,0
2020-06-14;MV1;C7;138000,0;552,0
2020-06-14;MV1;C7;138500,0;554,0
2020-06-14;HV2;C17;14650,0;586,0
2020-06-14;HV2;C8;14775,0;591,0
2020-06-14;HV2;C3;14800,0;592,0
2020-06-14;HV2;C1;14825,0;593,0
2020-06-14;HV2;C7;15050,0;602,0
2020-06-14;HV2;C10;15025,0;601,0
2020-06-14;MV1;C5;142000,0;568,0
2020-06-14;MV1;C6;140750,0;563,0
2020-06-14;MV1;C1;142250,0;569,0
2020-06-14;MV1;C14;137750,0;551,0
2020-06-14;MV1;C7;142500,0;570,0
2020-06-14;MV1;C16;141000,0;564,0
2020-06-14;LV3;C12;638600,0;412,0
2020-06-14;LV3;C5;632400,0;408,0
2020-06-14;LV3;C17;666500,0;430,0
2020-06-14;LV3;C7;633950,0;409,0
2020-06-14;LV3;C6;657200,0;424,0
2020-06-14;LV3;C15;668050,0;431,0
2020-06-14;HV5;C10;36900,0;738,0
2020-06-14;HV5;C1;37300,0;746,0
2020-06-14;HV5;C2;37600,0;752,0
2020-06-14;MV3;C6;219000,0;730,0
2020-06-14;HV2;C13;14750,0;590,0
2020-06-14;HV5;C10;37650,0;753,0
2020-06-14;HV4;C16;61280,0;766,0
2020-06-14;MV1;C3;141250,0;565,0
2020-06-14;HV2;C8;14600,0;584,0
2020-06-14;HV5;C7;37850,0;757,0
2020-06-14;HV4;C8;61280,0;766,0
2020-06-14;HV4;C3;62320,0;779,0
2020-06-14;HV4;C14;62240,0;778,0
2020-06-14;MV1;C4;141250,0;565,0
2020-06-14;HV3;C12;40200,0;670,0
2020-06-14;HV3;C2;40260,0;671,0
2020-06-14;HV3;C17;39900,0;665,0
2020-06-14;HV5;C4;36800,0;736,0
2020-06-14;HV3;C18;40620,0;677,0
2020-06-14;HV3;C1;40260,0;671,0
2020-06-14;HV4;C14;60800,0;760,0
2020-06-14;HV2;C1;15075,0;603,0
2020-06-14;HV2;C14;14725,0;589,0
2020-06-14;HV4;C12;61200,0;765,0
2020-06-21;LV2;C13;1678000,0;839,0
2020-06-21;MV2;C18;280200,0;934,0
2020-06-21;MV2;C2;275400,0;918,0
2020-06-21;MV2;C18;281400,0;938,0
2020-06-21;MV2;C12;281400,0;938,0
2020-06-21;LV2;C5;1686000,0;843,0
2020-06-21;HV5;C17;37550,0;751,0
2020-06-21;HV3;C8;40920,0;682,0
2020-06-21;HV5;C18;37150,0;743,0
2020-06-21;HV5;C9;37950,0;759,0
2020-06-21;LV1;C17;1078800,0;899,0
2020-06-21;HV3;C11;40560,0;676,0
2020-06-21;LV2;C18;1682000,0;841,0
2020-06-21;HV5;C8;37850,0;757,0
2020-06-21;MV3;C1;218100,0;727,0
2020-06-21;MV3;C4;220500,0;735,0
2020-06-21;MV3;C4;220500,0;735,0
2020-06-21;MV1;C11;138000,0;552,0
2020-06-21;MV1;C2;138500,0;554,0
2020-06-21;MV1;C13;137500,0;550,0
2020-06-21;MV4;C16;315000,0;630,0
2020-06-21;MV4;C10;313000,0;626,0
2020-06-21;MV4;C5;316000,0;632,0
2020-06-21;MV4;C4;307000,0;614,0
2020-06-21;MV4;C15;308500,0;617,0
2020-06-21;MV1;C14;139750,0;559,0
2020-06-21;MV1;C4;141250,0;565,0
2020-06-21;MV1;C8;139500,0;558,0
2020-06-21;MV1;C12;140750,0;563,0
2020-06-21;MV1;C2;143000,0;572,0
2020-06-21;MV2;C7;276900,0;923,0
2020-06-21;MV2;C5;275700,0;919,0
2020-06-21;MV2;C1;281100,0;937,0
2020-06-21;MV2;C13;276000,0;920,0
2020-06-21;MV2;C7;276600,0;922,0
2020-06-21;MV3;C8;225000,0;750,0
2020-06-21;MV4;C18;316500,0;633,0
2020-06-21;LV1;C9;1054800,0;879,0
2020-06-21;HV4;C15;61920,0;774,0
2020-06-21;HV1;C13;21025,0;841,0
2020-06-21;HV1;C13;21000,0;840,0
2020-06-21;HV1;C5;20900,0;836,0
2020-06-21;LV3;C11;666500,0;430,0
2020-06-21;LV1;C6;1052400,0;877,0
2020-06-21;HV4;C10;60880,0;761,0
2020-06-21;HV4;C9;61600,0;770,0
2020-06-21;HV1;C12;21000,0;840,0
2020-06-21;HV4;C13;60880,0;761,0
2020-06-21;LV1;C15;1059600,0;883,0
2020-06-21;HV4;C14;62480,0;781,0
2020-06-21;HV4;C4;60720,0;759,0
2020-06-21;HV4;C13;61120,0;764,0
2020-06-21;HV4;C1;61840,0;773,0
2020-06-21;HV4;C7;62080,0;776,0
2020-06-21;LV3;C1;664950,0;429,0
2020-06-21;HV4;C4;62000,0;775,0
2020-06-21;HV1;C7;20925,0;837,0
2020-06-21;LV1;C16;1052400,0;877,0
2020-06-21;HV2;C17;14625,0;585,0
2020-06-21;HV2;C6;15050,0;602,0
2020-06-21;HV2;C13;15000,0;600,0
2020-06-21;HV2;C18;14775,0;591,0
2020-06-21;HV2;C12;14625,0;585,0
2020-06-21;HV2;C6;14650,0;586,0
2020-06-21;HV2;C17;14850,0;594,0
2020-06-21;HV4;C16;60960,0;762,0
2020-06-21;HV2;C9;15000,0;600,0
2020-06-21;HV2;C12;14875,0;595,0
2020-06-28;LV2;C2;1682000,0;841,0
2020-06-28;MV3;C14;224400,0;748,0
2020-06-28;LV2;C18;1672000,0;836,0
2020-06-28;LV1;C12;1065600,0;888,0
2020-06-28;LV1;C2;1052400,0;877,0
2020-06-28;LV2;C16;1666000,0;833,0
2020-06-28;LV2;C1;1668000,0;834,0
2020-06-28;HV4;C14;61920,0;774,0
2020-06-28;HV5;C9;37750,0;755,0
2020-06-28;LV2;C10;1716000,0;858,0
2020-06-28;HV5;C4;37550,0;751,0
2020-06-28;HV5;C8;36900,0;738,0
2020-06-28;HV5;C12;37100,0;742,0
2020-06-28;LV2;C13;1714000,0;857,0
2020-06-28;HV5;C11;37600,0;752,0
2020-06-28;HV4;C8;61120,0;764,0
2020-06-28;HV4;C17;60960,0;762,0
2020-06-28;LV2;C17;1686000,0;843,0
2020-06-28;LV2;C10;1682000,0;841,0
2020-06-28;LV2;C13;1688000,0;844,0
2020-06-28;HV5;C7;37500,0;750,0
2020-06-28;HV5;C17;37900,0;758,0
2020-06-28;HV5;C2;38100,0;762,0
2020-06-28;HV2;C2;14800,0;592,0
2020-06-28;LV3;C13;644800,0;416,0
2020-06-28;HV1;C4;20875,0;835,0
2020-06-28;HV1;C2;20950,0;838,0
2020-06-28;HV1;C11;21000,0;840,0
2020-06-28;HV1;C3;20875,0;835,0
2020-06-28;HV1;C8;20825,0;833,0
2020-06-28;MV2;C5;281700,0;939,0
2020-06-28;HV1;C10;20975,0;839,0
2020-06-28;MV2;C17;276900,0;923,0
2020-06-28;MV2;C10;280200,0;934,0
2020-06-28;MV2;C7;282000,0;940,0
2020-06-28;MV2;C12;276300,0;921,0
2020-06-28;MV2;C12;278700,0;929,0
2020-06-28;MV2;C15;278700,0;929,0
2020-06-28;MV2;C18;281400,0;938,0
2020-06-28;MV2;C11;282600,0;942,0
2020-06-28;HV1;C7;20975,0;839,0
2020-06-28;HV1;C17;21025,0;841,0
2020-06-28;MV4;C7;312000,0;624,0
2020-06-28;MV4;C11;308000,0;616,0
2020-06-28;MV4;C1;317000,0;634,0
2020-06-28;MV4;C6;309500,0;619,0
2020-06-28;MV4;C8;311500,0;623,0
2020-06-28;MV4;C14;317000,0;634,0
2020-06-28;HV1;C17;20825,0;833,0
2020-06-28;HV1;C15;20875,0;835,0
2020-06-28;LV3;C1;671150,0;433,0
2020-06-28;LV3;C17;666500,0;430,0
2020-06-28;LV3;C5;671150,0;433,0
2020-06-28;LV3;C10;643250,0;415,0
2020-06-28;HV2;C11;15050,0;602,0
2020-07-05;LV3;C4;640150,0;413,0
2020-07-05;LV3;C2;666500,0;430,0
2020-07-05;LV3;C18;643250,0;415,0
2020-07-05;LV3;C8;638600,0;412,0
2020-07-05;LV3;C12;661850,0;427,0
2020-07-05;MV1;C12;136500,0;546,0
2020-07-05;MV1;C10;133500,0;534,0
2020-07-05;MV2;C2;280800,0;936,0
2020-07-05;MV2;C6;284400,0;948,0
2020-07-05;MV2;C1;278700,0;929,0
2020-07-05;MV2;C15;276000,0;920,0
2020-07-05;MV2;C12;275700,0;919,0
2020-07-05;MV2;C15;276000,0;920,0
2020-07-05;MV2;C13;277200,0;924,0
2020-07-05;MV2;C9;280200,0;934,0
2020-07-05;MV2;C15;280500,0;935,0
2020-07-05;HV2;C8;14075,0;563,0
2020-07-05;HV2;C15;14375,0;575,0
2020-07-05;HV4;C14;61600,0;770,0
2020-07-05;HV2;C3;14075,0;563,0
2020-07-05;HV2;C15;14350,0;574,0
2020-07-05;MV3;C13;223500,0;745,0
2020-07-05;MV3;C10;220800,0;736,0
2020-07-05;HV2;C8;14425,0;577,0
2020-07-05;MV3;C16;219600,0;732,0
2020-07-05;HV3;C1;39840,0;664,0
2020-07-05;MV1;C3;135000,0;540,0
2020-07-05;HV4;C10;61600,0;770,0
2020-07-05;HV4;C7;62080,0;776,0
2020-07-05;HV4;C8;61120,0;764,0
2020-07-05;HV4;C18;62480,0;781,0
2020-07-05;HV4;C15;61760,0;772,0
2020-07-05;HV4;C2;60880,0;761,0
2020-07-05;HV5;C10;37100,0;742,0
2020-07-05;HV3;C15;40080,0;668,0
2020-07-05;HV5;C17;38000,0;760,0
2020-07-05;HV5;C2;37250,0;745,0
2020-07-05;HV5;C17;37500,0;750,0
2020-07-05;HV5;C8;37350,0;747,0
2020-07-05;HV5;C9;38150,0;763,0
2020-07-05;MV1;C18;137750,0;551,0
2020-07-05;MV1;C3;139000,0;556,0
2020-07-05;MV1;C4;137250,0;549,0
2020-07-05;HV5;C16;37750,0;755,0
2020-07-05;MV3;C12;222900,0;743,0
2020-07-05;HV2;C4;14025,0;561,0
2020-07-05;MV3;C7;222900,0;743,0
2020-07-05;MV3;C15;220800,0;736,0
2020-07-05;LV2;C2;1714000,0;857,0
2020-07-05;LV2;C8;1718000,0;859,0
2020-07-05;LV2;C1;1704000,0;852,0
2020-07-05;LV2;C5;1706000,0;853,0
2020-07-05;LV2;C2;1684000,0;842,0
2020-07-05;LV1;C11;1046400,0;872,0
2020-07-05;LV1;C5;1053600,0;878,0
2020-07-05;LV2;C8;1682000,0;841,0
2020-07-05;LV2;C9;1704000,0;852,0
2020-07-05;MV4;C5;314000,0;628,0
2020-07-05;MV4;C1;317500,0;635,0
2020-07-05;MV4;C7;317500,0;635,0
2020-07-05;LV2;C3;1718000,0;859,0
2020-07-05;MV3;C17;219300,0;731,0
2020-07-05;MV3;C4;221100,0;737,0
2020-07-05;MV3;C13;222000,0;740,0
2020-07-05;MV4;C18;312000,0;624,0
2020-07-05;MV3;C9;223500,0;745,0
2020-07-05;MV3;C10;225000,0;750,0
2020-07-12;LV3;C17;668050,0;431,0
2020-07-12;LV3;C15;649450,0;419,0
2020-07-12;LV3;C5;641700,0;414,0
2020-07-12;LV3;C13;669600,0;432,0
2020-07-12;HV3;C9;40380,0;673,0
2020-07-12;HV3;C1;39840,0;664,0
2020-07-12;HV3;C9;40500,0;675,0
2020-07-12;HV3;C13;39660,0;661,0
2020-07-12;LV3;C12;672700,0;434,0
2020-07-12;HV1;C9;21100,0;844,0
2020-07-12;HV1;C4;20950,0;838,0
2020-07-12;HV1;C7;20925,0;837,0
2020-07-12;HV1;C16;20925,0;837,0
2020-07-12;HV1;C11;20900,0;836,0
2020-07-12;HV1;C1;21000,0;840,0
2020-07-12;HV2;C1;14400,0;576,0
2020-07-12;HV2;C7;14250,0;570,0
2020-07-12;HV2;C17;14075,0;563,0
2020-07-12;HV1;C9;21025,0;841,0
2020-07-12;HV1;C1;21100,0;844,0
2020-07-12;HV1;C8;21075,0;843,0
2020-07-12;HV2;C5;14100,0;564,0
2020-07-12;HV2;C3;14250,0;570,0
2020-07-12;HV2;C1;14425,0;577,0
2020-07-12;HV1;C8;21100,0;844,0
2020-07-12;HV1;C9;21050,0;842,0
2020-07-12;HV3;C1;40680,0;678,0
2020-07-12;HV3;C14;39960,0;666,0
2020-07-12;HV1;C17;21050,0;842,0
2020-07-12;HV4;C18;61840,0;773,0
2020-07-12;LV2;C18;1682000,0;841,0
2020-07-12;HV4;C3;61520,0;769,0
2020-07-12;MV2;C6;282600,0;942,0
2020-07-12;MV2;C10;277500,0;925,0
2020-07-12;MV3;C10;219300,0;731,0
2020-07-12;MV3;C1;221700,0;739,0
2020-07-12;MV3;C1;223500,0;745,0
2020-07-12;MV4;C13;316500,0;633,0
2020-07-12;MV4;C5;315500,0;631,0
2020-07-12;LV1;C5;1050000,0;875,0
2020-07-12;LV1;C4;1074000,0;895,0
2020-07-12;LV1;C8;1066800,0;889,0
2020-07-12;LV1;C6;1066800,0;889,0
2020-07-12;LV1;C4;1056000,0;880,0
2020-07-12;LV1;C11;1059600,0;883,0
2020-07-12;LV1;C16;1045200,0;871,0
2020-07-12;LV2;C8;1706000,0;853,0
2020-07-12;LV2;C13;1696000,0;848,0
2020-07-12;LV2;C1;1704000,0;852,0
2020-07-12;LV2;C13;1716000,0;858,0
2020-07-12;LV2;C9;1670000,0;835,0
2020-07-12;MV2;C9;278700,0;929,0
2020-07-12;MV2;C15;283800,0;946,0
2020-07-12;MV2;C4;277800,0;926,0
2020-07-12;MV2;C15;281400,0;938,0
2020-07-12;HV4;C14;61680,0;771,0
2020-07-12;HV4;C12;62720,0;784,0
2020-07-12;HV4;C7;61040,0;763,0
2020-07-12;HV4;C3;62160,0;777,0
2020-07-12;HV4;C4;62880,0;786,0
2020-07-12;HV4;C11;61760,0;772,0
2020-07-12;HV5;C5;38350,0;767,0
2020-07-12;HV5;C2;38150,0;763,0
2020-07-12;HV5;C15;37650,0;753,0
2020-07-12;HV4;C12;62240,0;778,0
2020-07-12;HV5;C16;37650,0;753,0
2020-07-12;LV3;C1;668050,0;431,0
2020-07-12;MV1;C8;133000,0;532,0
2020-07-12;MV1;C17;138500,0;554,0
2020-07-12;MV1;C2;133250,0;533,0
2020-07-12;MV1;C1;133000,0;532,0
2020-07-12;MV1;C10;135750,0;543,0
2020-07-12;MV2;C17;279600,0;932,0
2020-07-12;MV2;C9;279600,0;932,0
2020-07-12;MV2;C3;280200,0;934,0
2020-07-12;LV2;C11;1716000,0;858,0
2020-07-12;LV3;C7;669600,0;432,0
